hue_mean,hue_std,saturation_mean,saturation_std,value_mean,value_std,number_lines,has_circle,has_triangle,Path,ClassId
153.2073,61.0597668412679,91.9556,40.78674574711741,17.8427,19.008286527459543,2.0,0.0,0.0,0001.png,0
81.7387,87.96412122172312,151.8222,55.36234268128472,126.3639,91.4949980971091,49.0,1.0,0.0,0002.png,1
153.4376,57.67673973310211,95.8184,38.06896139166395,21.299,22.463993389422104,1.0,0.0,0.0,0003.png,0
82.5612,83.47198604657733,147.915,63.461210002646496,127.8036,90.16710279830444,42.0,1.0,0.0,0004.png,1
154.4448,57.90306859709596,95.9104,40.23866264974521,24.2915,24.985162151765195,1.0,0.0,0.0,0005.png,0
93.713,86.60069532630786,130.7598,74.11068279242879,139.9695,98.91812659846526,49.0,1.0,0.0,0006.png,1
153.9858,58.37565587091934,97.2513,40.3998805482145,26.7532,26.459000165539134,1.0,0.0,0.0,0007.png,0
95.6083,85.86023335112712,129.0407,71.50703072782424,145.8324,96.94270735975967,57.0,1.0,0.0,0008.png,1
151.1594,61.39708781074229,96.7404,40.541864878665855,26.2248,26.169605747125807,1.0,0.0,0.0,0009.png,0
99.1699,83.19627656325733,130.4864,73.56407965196057,158.8599,90.94386769865245,60.0,1.0,0.0,0010.png,1
154.1436,57.34795357325316,99.9268,40.30850830482319,29.7537,27.963737881585143,4.0,0.0,0.0,0011.png,0
109.2125,80.25857177741204,121.8405,74.14309583332759,154.7695,97.0292222464449,56.0,1.0,0.0,0012.png,1
153.1005,56.268811963200356,104.4845,38.386642986200286,35.824,30.745253682479188,7.0,0.0,1.0,0013.png,0
106.6356,79.94347260808726,133.1285,69.24483798630769,140.4345,98.92178379785719,50.0,1.0,0.0,0014.png,1
148.1233,60.12915513384501,105.1206,41.21256429342877,39.245,31.931329051575663,7.0,0.0,0.0,0015.png,0
99.2176,81.95848491913452,136.886,71.17344732412502,145.7449,97.45176152327879,55.0,1.0,0.0,0016.png,1
152.8064,54.60310356600621,105.3795,37.69273510572031,44.5163,33.19851704986234,8.0,0.0,0.0,0017.png,0
108.8805,84.89220117154461,137.2706,70.23007030923435,149.4649,94.67856023403608,59.0,1.0,0.0,0018.png,1
149.9218,56.03023366683384,107.0951,38.5160778894996,44.697,33.26013516208255,12.0,0.0,1.0,0019.png,0
95.8591,82.87516544291178,142.4014,69.58234171138537,139.2966,102.11900326795205,48.0,1.0,0.0,0020.png,1
148.8712,58.684142752194994,107.5235,40.052316384324136,44.962,33.242038986801035,11.0,0.0,1.0,0021.png,0
87.6114,83.05928599524559,141.3498,69.41378710285156,134.0096,103.58405431262092,42.0,1.0,0.0,0022.png,1
143.5666,62.90822970359284,107.0536,42.94787919141061,42.2644,32.96129688953394,14.0,0.0,0.0,0023.png,0
93.7829,79.69835109705846,135.0337,76.75034439212634,166.2918,98.43755814098601,48.0,1.0,0.0,0024.png,1
141.9334,68.85151533873456,103.4415,47.31921784803718,40.1592,33.72532365093032,12.0,0.0,1.0,0025.png,0
92.1221,80.4413736306759,145.6549,71.99948337307706,152.5422,100.80865349343776,49.0,1.0,0.0,0026.png,1
133.7765,76.13511901711325,100.9591,53.68861170853648,37.1739,33.870796547911304,13.0,0.0,1.0,0027.png,0
96.0973,79.18084384944379,143.9663,77.49866685504983,162.6076,101.9714941649871,40.0,1.0,0.0,0028.png,1
132.0705,77.42378271403433,102.8586,54.90204191138978,36.8028,34.662427961122404,12.0,0.0,1.0,0029.png,0
91.8367,81.34309825123457,115.9816,92.31357571581766,198.4724,85.86181944403461,44.0,1.0,0.0,0030.png,1
131.0279,80.2845260407633,101.1711,56.70689574284595,36.6049,35.9955135536361,12.0,0.0,1.0,0031.png,0
85.8951,82.1174920220412,114.6816,91.87309193360154,184.2712,99.09426144111474,34.0,1.0,0.0,0032.png,1
130.19,80.52438450556451,103.5323,56.651082573151236,33.7383,34.415958698109804,8.0,0.0,1.0,0033.png,0
90.6676,82.25487651343232,120.4719,91.71076387420399,179.3392,101.4272554265371,32.0,1.0,0.0,0034.png,1
126.5643,82.16033754501012,97.4158,59.28452504962826,27.9596,32.42586263833238,10.0,0.0,1.0,0035.png,0
98.4653,80.5081424199441,122.6375,91.32530040328365,183.1911,98.24769096925382,37.0,1.0,0.0,0036.png,1
121.4073,86.28139432525415,94.3902,62.239485408862436,20.9893,27.142107241516822,9.0,0.0,1.0,0037.png,0
100.1089,79.88012293925192,116.2958,98.80700330624343,211.358,77.29676471884189,43.0,1.0,0.0,0038.png,1
108.4929,90.20286996315583,86.9667,66.86940399846554,17.7949,24.930195225669614,9.0,0.0,1.0,0039.png,0
98.1801,80.30218592286265,112.7658,101.87928715082374,220.5231,68.6028721438833,41.0,1.0,0.0,0040.png,1
102.9062,89.50425800798529,85.7646,67.82330710633329,16.5407,24.264293591819236,11.0,0.0,1.0,0041.png,0
86.7209,80.62782524160006,102.6995,103.23863036552741,229.9954,57.2372848660731,35.0,1.0,0.0,0042.png,1
99.1747,91.19728493716248,81.7821,69.26477040740119,14.9327,22.450709804146506,10.0,0.0,1.0,0043.png,0
89.1708,79.08526934492922,112.3694,103.19236475456893,223.7154,67.18265105546223,35.0,1.0,0.0,0044.png,1
99.6948,92.08816456505146,83.4078,70.13715348629427,15.1719,22.539639535493908,9.0,0.0,1.0,0045.png,0
88.86,79.73857535722594,133.484,95.51858219215777,188.9333,95.74109175850253,40.0,1.0,0.0,0046.png,1
101.953,91.62862429939675,87.0054,69.74612943267891,15.307,22.622050106035925,12.0,0.0,1.0,0047.png,0
101.4335,79.31280336585009,145.937,90.76184678046167,187.7975,94.66250099036048,40.0,1.0,0.0,0048.png,1
98.3721,92.75466695315122,85.6376,71.63491234195796,16.0234,23.15843803972971,11.0,0.0,1.0,0049.png,0
111.8817,73.51076047157994,146.91,89.49337014550296,195.9041,88.63521931596944,37.0,1.0,0.0,0050.png,1
95.6868,92.08821914751094,84.1662,71.84801303835758,15.6841,22.933026559745663,12.0,0.0,1.0,0051.png,0
120.7367,73.47028496684901,141.226,93.5174279158703,200.4425,72.24528423191371,39.0,1.0,0.0,0052.png,1
108.2413,90.0559441364644,89.5796,67.7268444845912,15.3231,22.408857766294116,11.0,0.0,1.0,0053.png,0
132.5253,63.87651806344801,154.7572,81.58530534452879,190.0334,73.55368437026115,35.0,1.0,0.0,0054.png,1
98.6176,90.67093564224427,85.5741,68.92261972088698,15.3936,22.601806986168164,11.0,0.0,0.0,0055.png,0
133.3277,64.91945403890887,162.7723,77.85876606208193,171.1141,79.50023321468937,35.0,1.0,0.0,0056.png,1
100.0501,90.05834547664087,89.1116,67.30346161558111,15.7443,22.298531734399013,10.0,0.0,0.0,0057.png,0
129.8395,67.90808449477868,164.2495,78.2162364841853,144.9161,77.720979540855,37.0,1.0,0.0,0058.png,1
116.5715,88.64276895353619,93.7339,63.65921999828462,18.2421,23.26898982745061,9.0,0.0,0.0,0059.png,0
128.3164,70.14045117505304,160.7868,79.23730652767041,125.8266,75.45830724605476,32.0,1.0,0.0,0060.png,1
125.7335,80.58558604210805,94.1768,56.208388535520214,4.7999,6.152744102431044,0.0,0.0,0.0,0061.png,0
101.9892,80.30604014244507,159.0724,60.6460366243335,147.1574,76.31143181227829,57.0,1.0,0.0,0062.png,1
112.7911,84.90196853306759,85.2384,60.33174591738582,4.7375,6.060230503041943,0.0,0.0,0.0,0063.png,0
107.5436,80.13916956794598,163.9275,54.27673390827786,151.7768,74.27775024702888,45.0,1.0,0.0,0064.png,1
113.794,84.67637311552733,86.0815,60.850237943248835,4.6653,6.010497143331822,0.0,0.0,0.0,0065.png,0
109.7998,79.88527724155433,161.7656,55.484683081369404,146.7198,74.85728880984136,36.0,0.0,0.0,0066.png,1
121.6536,82.35543823597808,92.0058,58.14234744452618,4.363,5.721715739181737,0.0,0.0,0.0,0067.png,0
97.0028,78.23897744832814,164.992,59.17473900238175,146.6939,74.86325936525874,57.0,1.0,0.0,0068.png,1
127.5538,79.32155511309647,97.4403,54.86232073026076,4.4135,5.754399860107047,0.0,0.0,0.0,0069.png,0
95.2108,79.76390890220966,169.4116,53.447420755729645,151.4326,75.45668331725162,51.0,1.0,0.0,0070.png,1
129.7551,78.622640021752,98.637,55.37455942036921,4.3991,5.750114711029685,0.0,0.0,0.0,0071.png,0
95.7392,79.31481944353149,169.3205,55.38252955355145,144.1539,75.80939265546189,54.0,1.0,0.0,0072.png,1
128.6075,79.83811898930234,98.4489,54.03357649452792,4.6548,5.973092746643066,0.0,0.0,0.0,0073.png,0
94.803,80.68934868370174,172.2875,53.684731942611016,142.8376,73.9908590721854,48.0,1.0,0.0,0074.png,1
124.9972,80.93553973477906,95.8983,55.51180376379425,4.9367,6.20084616080741,0.0,0.0,0.0,0075.png,0
89.5298,81.86059071348068,174.9489,49.705431180002854,142.4668,73.09417964352565,46.0,1.0,0.0,0076.png,1
119.676,82.64935706948964,91.5529,58.21838886116653,4.9417,6.093545856888253,0.0,0.0,0.0,0077.png,0
85.2786,79.29089343701456,175.3578,51.23427738496953,142.6926,74.44666214975659,44.0,0.0,0.0,0078.png,1
122.127,81.37516372333761,93.9233,57.146702591750646,4.9729,6.059188525702101,0.0,0.0,0.0,0079.png,0
87.129,78.6199908356647,172.6704,51.97092036745164,139.0632,70.36855836067696,48.0,1.0,0.0,0080.png,1
123.4234,81.49177831192543,91.7932,57.21604699522678,5.0185,6.142992572842654,0.0,0.0,0.0,0081.png,0
85.1622,77.441188595992,170.7249,54.34293532732659,140.6044,71.5239057982714,50.0,1.0,0.0,0082.png,1
121.1402,83.02274955673295,92.8839,58.19008180772734,5.0886,6.245634478577817,0.0,0.0,0.0,0083.png,0
85.7825,76.40441867948476,169.6437,52.69057553595329,144.6816,71.66592510698513,53.0,1.0,0.0,0084.png,1
111.7063,86.89921541826484,85.988,61.390556733100254,4.943,6.091646000876938,0.0,0.0,0.0,0085.png,0
83.39,75.28680827342862,173.4726,54.395665721084804,151.9207,70.03474860031982,58.0,1.0,0.0,0086.png,1
117.5488,83.68972110456576,88.5649,57.851487344665564,5.0079,5.925895509541153,0.0,0.0,0.0,0087.png,0
84.6479,74.29865090020141,173.4404,54.81854474390943,151.0603,70.50569951365635,47.0,1.0,0.0,0088.png,1
126.1476,80.58377388928865,94.3074,54.71043689498376,5.2783,6.17166501926344,0.0,0.0,0.0,0089.png,0
81.5105,74.3441758966363,173.0351,55.20661253862621,153.8058,69.13638467811288,44.0,1.0,0.0,0090.png,1
132.7756,77.89748419968389,97.353,52.87901654720897,5.6079,6.286028761467768,0.0,0.0,0.0,0091.png,0
100.3464,74.61017629680283,165.5845,58.72317310696008,147.6095,66.46062450616907,58.0,1.0,0.0,0092.png,1
130.1479,76.23819269624641,99.9312,52.66494532950737,9.0917,13.101743819431059,1.0,0.0,0.0,0093.png,0
122.04,71.02364113448422,164.5187,57.85544097412101,128.9733,62.22009150676331,47.0,1.0,0.0,0094.png,1
135.036,72.06411106785401,104.4622,49.550769632367974,13.7295,19.32084184889468,1.0,0.0,0.0,0095.png,0
125.0887,70.35145366166928,157.1827,64.49595894868143,106.841,59.17799691608359,40.0,1.0,0.0,0096.png,1
137.1462,69.24989260323802,109.034,47.700553917119244,16.1906,21.384959004870687,1.0,0.0,0.0,0097.png,0
113.0584,74.3094165596797,155.7863,63.71015329058626,95.96,57.146464457567276,28.0,1.0,0.0,0098.png,1
134.6096,69.27987289133836,108.2243,47.110695065027436,20.5058,24.525300535569386,1.0,0.0,0.0,0099.png,0
100.6983,80.41421812782862,169.0074,54.99579570512641,100.1986,51.95429104549498,23.0,1.0,0.0,0100.png,1
137.8735,65.7071190796705,112.0496,43.09922667334067,24.2821,26.03582377398495,1.0,0.0,0.0,0101.png,0
114.6382,80.62091230419065,164.7682,54.76970758329827,98.4088,48.32220692973367,27.0,0.0,0.0,0102.png,1
140.6926,63.615054077160075,115.2762,41.82443440813037,26.536,26.198066798907128,1.0,0.0,0.0,0103.png,0
122.985,75.88686299353796,159.6136,56.73985631846453,96.7177,48.66569435146282,22.0,0.0,0.0,0104.png,1
141.2138,61.760190167777175,119.3457,39.20528014834226,30.3846,26.812420309252204,3.0,0.0,0.0,0105.png,0
131.6728,75.45892352903002,153.736,61.89657425092281,79.8199,40.12739542993042,18.0,0.0,0.0,0106.png,1
141.8385,56.88506146388523,124.2768,35.88572671355563,36.1622,26.403209864711524,5.0,0.0,0.0,0107.png,0
132.6555,80.49094868213443,154.6801,62.25894926827789,67.0461,34.33527886576721,10.0,0.0,0.0,0108.png,1
144.0743,54.26744677529983,127.0661,33.36659902941862,37.8052,25.853712556613605,7.0,0.0,0.0,0109.png,0
115.3936,87.10672350077232,161.2178,58.445150039673955,66.2941,32.54112482982111,12.0,0.0,0.0,0110.png,1
143.067,55.080030056273564,128.7063,33.38068663628716,38.4087,24.44505398459983,7.0,0.0,0.0,0111.png,0
119.2068,87.98531260250202,165.0881,54.287758642165365,60.7329,28.90172239832775,6.0,0.0,0.0,0112.png,1
144.5273,52.80593010931632,129.4306,35.4135452001067,38.0387,24.104945598569604,7.0,0.0,0.0,0113.png,0
110.9585,89.65267300950931,164.6611,53.419131842346516,53.1733,27.196695885897608,6.0,0.0,0.0,0114.png,1
143.214,55.01536152748612,131.1521,38.31294775385992,37.1207,23.814674709304768,7.0,0.0,0.0,0115.png,0
118.2138,89.43531120066615,168.2207,50.7890381038074,47.5446,22.48664961349289,4.0,0.0,0.0,0116.png,1
147.3733,51.760733641535644,132.8858,37.073299804036864,36.8526,23.358974147851615,7.0,0.0,0.0,0117.png,0
111.2802,88.90135144057147,169.154,49.32966940898752,41.3229,19.306170919941636,4.0,0.0,0.0,0118.png,1
148.9661,51.260945668120485,133.3684,38.90222206301332,35.0604,22.69155243344977,5.0,0.0,0.0,0119.png,0
114.4452,87.17673655832729,164.6529,54.30843600758542,41.2931,18.324606200134287,4.0,0.0,0.0,0120.png,1
85.829,88.60000541196372,67.6033,61.29044239610283,2.3086,2.382470574844525,0.0,0.0,0.0,0121.png,0
67.7062,69.1394668880228,105.5581,50.04185872237361,148.1253,90.36572248319602,38.0,1.0,0.0,0122.png,1
79.5649,89.26400387608659,65.2743,62.4969860034066,2.3259,3.0537991404150993,0.0,0.0,0.0,0123.png,0
72.4477,73.93319595898718,113.1823,56.38061073374427,142.2528,89.88357187028117,38.0,1.0,0.0,0124.png,1
75.3485,89.60909243904884,63.3159,63.8249129038967,2.4293,3.376181498379493,0.0,0.0,0.0,0125.png,0
70.1567,73.75825475911154,112.4439,56.425016196630374,143.6077,87.96572969463732,38.0,1.0,0.0,0126.png,1
70.7281,88.45950808358592,60.7758,66.07123076165603,2.3266,2.9407367172190035,0.0,0.0,0.0,0127.png,0
72.8018,75.52987698096693,113.915,55.29569219206863,144.8206,87.22823519732587,36.0,1.0,0.0,0128.png,1
67.8025,89.06964630978388,60.5102,66.55543175398985,2.414,3.7573666310329634,0.0,0.0,0.0,0129.png,0
71.4124,73.29480695274393,114.2332,55.205157528622266,149.1702,88.42260588763487,30.0,1.0,0.0,0130.png,1
62.9085,87.02955433500736,56.1639,67.48740502338195,2.2089,2.657190394006421,0.0,0.0,0.0,0131.png,0
70.4884,70.82521066287062,113.6204,54.32272180073454,148.3829,89.68698170632123,31.0,1.0,0.0,0132.png,1
59.5126,86.7871363811481,55.2206,68.00478906400637,2.256,3.059487538788155,0.0,0.0,0.0,0133.png,0
76.8169,72.33891327902293,114.5045,56.75026325709864,152.7023,93.4101914927381,30.0,1.0,0.0,0134.png,1
58.6985,86.73918836229677,53.3532,68.53250068223105,2.2245,3.7452769924265947,0.0,0.0,0.0,0135.png,0
79.5852,75.26140007307863,117.1654,59.277911930499045,150.1531,94.43961700679435,32.0,1.0,0.0,0136.png,1
59.0359,86.47071186933759,57.3995,73.78318575224304,2.1164,3.6741054748060784,0.0,0.0,0.0,0137.png,0
82.4268,70.94260244563911,109.9001,57.634740564957866,155.9949,94.50854180437872,31.0,1.0,0.0,0138.png,1
56.7827,86.14035802520209,61.7722,78.79989408089328,2.0529,3.20441907215645,0.0,0.0,0.0,0139.png,0
83.3423,67.32399372222359,105.7301,59.639252627694795,158.1567,94.70500485776874,31.0,1.0,0.0,0140.png,1
56.3286,86.86375551425347,62.0354,80.19662553274921,2.0212,3.5771427927886803,0.0,0.0,0.0,0141.png,0
84.6873,73.28635833980292,110.4672,63.551798748422534,148.8443,95.45196832705966,33.0,1.0,0.0,0142.png,1
62.9429,88.97377725818994,71.0403,86.70793433077505,2.0299,3.475112370845006,0.0,0.0,0.0,0143.png,0
83.8678,69.4040973081561,106.2032,63.181710247191,154.3175,95.71218362230589,31.0,1.0,0.0,0144.png,1
62.8064,89.79259278492854,72.0149,89.19592971649547,2.0831,4.978714130174578,0.0,0.0,0.0,0145.png,0
83.7075,69.16244605094589,105.5716,64.78679860465402,153.4377,96.45607766600298,31.0,1.0,0.0,0146.png,1
68.9096,91.81954382287032,80.0708,94.1225838327869,2.0064,3.6618245506850817,0.0,0.0,0.0,0147.png,0
86.5859,70.08799056321989,110.9855,68.15221412213985,146.9075,96.07395247282169,30.0,1.0,0.0,0148.png,1
74.3437,94.1345503537888,87.2435,97.40255134107116,2.0227,4.188864369969503,0.0,0.0,0.0,0149.png,0
88.0244,69.031986822342,102.3605,66.13636170632613,157.136,95.44380809670159,33.0,1.0,0.0,0150.png,1
77.4008,93.95723154371888,91.8594,97.42746959477086,2.0004,2.7286992945357684,0.0,0.0,0.0,0151.png,0
88.4942,70.4610854753175,109.6388,68.61037920431572,141.757,95.41837638002441,29.0,1.0,0.0,0152.png,1
90.3418,95.31108945322156,110.6836,102.66334054101299,2.0687,3.619665773244817,0.0,0.0,0.0,0153.png,0
90.853,70.82083585358195,109.7346,68.4824587966875,141.988,95.21786416424179,38.0,1.0,0.0,0154.png,1
98.591,95.18961035218075,117.893,102.90469353241377,2.1382,4.277090221166722,0.0,0.0,0.0,0155.png,0
92.8293,67.4420874640606,102.7949,70.9564967708384,149.7014,95.49250985307695,32.0,1.0,0.0,0156.png,1
101.3564,95.47384342865851,124.9284,105.69907792142747,2.0499,4.167686407348806,0.0,0.0,0.0,0157.png,0
91.2957,71.11470636591281,103.2354,70.77209045125062,151.3734,96.62272906744045,32.0,1.0,0.0,0158.png,1
106.5347,93.42908859616475,134.4467,103.33273614450553,2.0975,3.615687175351319,0.0,0.0,0.0,0159.png,0
92.6331,70.71497355150463,106.7816,69.59922198875502,144.4978,97.24153328264626,33.0,1.0,0.0,0160.png,1
109.6974,91.36873006253288,141.2046,102.67128682762284,2.1368,4.043548659284316,0.0,0.0,0.0,0161.png,0
93.5977,72.48469669323312,112.5796,66.56686310650367,137.8112,96.83496039427082,34.0,1.0,0.0,0162.png,1
112.5468,90.64343666123875,145.2491,102.77490768271213,2.1088,3.6748826593511796,0.0,0.0,0.0,0163.png,0
95.2388,73.24409583413532,117.4289,66.56236883397405,129.5969,95.0739228726258,31.0,1.0,0.0,0164.png,1
110.6053,91.09600381965173,145.8195,102.78560365999705,2.1352,3.846182647769084,0.0,0.0,0.0,0165.png,0
97.7245,74.24405834644278,121.3239,67.52227476018562,117.1383,90.60624025479702,30.0,1.0,0.0,0166.png,1
107.005,91.42850745254458,139.3784,103.23820423389783,2.154,3.584310812415687,0.0,0.0,0.0,0167.png,0
106.4707,71.05026207910848,123.0048,69.07832349558,91.3725,82.60444384989223,31.0,1.0,0.0,0168.png,1
93.7799,91.31132381030295,122.6845,103.05800094970792,2.0997,3.0396315418155537,0.0,0.0,0.0,0169.png,0
110.2987,71.56040999260695,128.6317,65.47842282088047,91.8168,85.12661768072311,22.0,1.0,0.0,0170.png,1
93.0542,91.79745782079152,119.7108,102.14324923048024,2.15,3.00634329377069,0.0,0.0,0.0,0171.png,0
121.5409,68.64846048667079,129.2083,68.27112648191766,64.982,69.56638035718115,19.0,1.0,0.0,0172.png,1
93.6673,91.3697751486234,120.0179,101.46166852358579,2.1543,2.8867787428204474,0.0,0.0,0.0,0173.png,0
106.1247,70.95139427742065,136.6923,66.44931166468167,72.4776,62.72851104752926,25.0,1.0,0.0,0174.png,1
81.9688,90.50150731650827,105.7139,100.77910421704492,2.0429,2.312673688612382,0.0,0.0,0.0,0175.png,0
118.1767,67.81807633006115,127.7954,69.42561154818875,52.293,46.21943477586025,25.0,0.0,0.0,0176.png,1
78.8077,87.14980390517238,94.895,94.51876520035586,7.4111,28.680709488957906,0.0,0.0,0.0,0177.png,0
123.8819,66.75395383338729,142.6129,65.80933865030099,38.816,32.65190260918956,15.0,0.0,0.0,0178.png,1
103.8463,80.91796263074102,98.51,75.53680626025964,31.9522,53.76043633714295,16.0,0.0,0.0,0179.png,0
115.1289,68.1568931568187,140.3768,67.82847942980884,57.4024,56.21028085893185,19.0,0.0,0.0,0180.png,1
63.2359,88.8780808253081,84.305,110.56598832823772,0.8017,1.0818396877541516,0.0,0.0,0.0,0181.png,0
124.7662,62.547384737972855,122.0159,84.49635523021097,72.3874,72.071247534922,28.0,0.0,0.0,0182.png,1
52.2242,83.30432362344708,77.9811,109.68607086950468,0.7245,1.0498570140738215,0.0,0.0,0.0,0183.png,0
126.2667,62.09749247038885,124.1286,85.30846887642515,68.7666,68.9199370606213,24.0,0.0,0.0,0184.png,1
47.3698,80.5019331939302,69.8535,105.07559677560721,0.6913,1.073221463631808,0.0,0.0,0.0,0185.png,0
125.5616,74.40838531671011,117.433,85.84916721203531,80.5064,79.97627247527858,32.0,0.0,0.0,0186.png,1
45.8127,79.58153566443663,69.148,105.25000188123514,0.6699,1.062513054037455,0.0,0.0,0.0,0187.png,0
123.873,73.81291398529122,116.5421,85.68392047280516,76.1234,77.63570294935185,29.0,0.0,0.0,0188.png,1
49.4144,81.37272314873087,77.1927,109.00083378905869,0.7132,1.0595026002799615,0.0,0.0,0.0,0189.png,0
128.5982,62.091221253571746,120.7083,86.11832680161639,74.2864,81.14851061504456,26.0,0.0,0.0,0190.png,1
46.7152,80.23047232168088,67.3648,105.18302582146987,0.6716,1.0472599677253018,0.0,0.0,0.0,0191.png,0
123.4821,65.25388785038022,127.3362,84.30014335432651,68.0013,78.5065608615611,16.0,0.0,0.0,0192.png,1
46.7903,79.10093125817167,70.5819,105.33928750656139,0.7049,1.070521363635495,0.0,0.0,0.0,0193.png,0
120.973,65.15493128689494,122.2614,86.63787087665531,72.9234,83.57208584473646,26.0,0.0,0.0,0194.png,1
49.6587,81.37675598295867,69.3243,104.50532584280096,0.7232,1.106969629213015,0.0,0.0,0.0,0195.png,0
121.8809,67.01006129821103,114.4927,87.19676912999701,79.604,89.84865488141712,31.0,0.0,0.0,0196.png,1
44.6337,77.88337899905217,65.1126,101.516309631704,0.6897,1.1033648127432738,0.0,0.0,0.0,0197.png,0
120.4382,67.5072128054477,114.4331,88.36556639545745,72.829,86.80660665525407,24.0,1.0,0.0,0198.png,1
51.8888,82.16955661654747,73.5862,106.68119876323101,0.7301,1.1059177139371625,0.0,0.0,0.0,0199.png,0
118.3461,65.92699230808273,115.7173,88.88390057096954,68.554,81.37395335117988,24.0,0.0,0.0,0200.png,1
42.9461,77.05674658840717,62.2749,100.47490696681436,0.671,1.091585544059649,0.0,0.0,0.0,0201.png,0
121.601,60.12804835515618,116.8074,90.44353876999728,60.8271,75.01008469259317,25.0,0.0,0.0,0202.png,1
43.5502,77.16689367831259,62.2713,100.36708173654347,0.704,1.10823463219663,0.0,0.0,0.0,0203.png,0
121.3294,60.206198149692206,117.6224,91.49321624164274,52.5235,69.02899570289284,24.0,1.0,0.0,0204.png,1
45.955,78.87285575532307,64.2271,101.18568043745124,0.6961,1.1114606560737992,0.0,0.0,0.0,0205.png,0
122.7072,61.77527877848873,115.4861,92.99915487137504,48.9797,64.77279126230395,21.0,1.0,0.0,0206.png,1
46.2601,79.06223275363529,67.9566,103.37213994321682,0.7238,1.1226368780687725,0.0,0.0,0.0,0207.png,0
121.1338,61.73094440845693,116.0929,91.29810989056674,48.6304,59.648611013501394,19.0,0.0,0.0,0208.png,1
42.6325,75.82528498957323,66.2718,102.15797142054065,0.711,1.1445868250159095,0.0,0.0,0.0,0209.png,0
114.6976,66.01039125955852,115.2167,92.41293925154638,56.49,67.86161580746511,23.0,1.0,0.0,0210.png,1
40.9621,74.84025830787866,65.2102,101.9934135910746,0.7065,1.1315289435096214,0.0,0.0,0.0,0211.png,0
112.8463,66.62956007891692,113.4992,92.60930514456957,55.8605,65.8451762830809,20.0,1.0,0.0,0212.png,1
50.4128,80.51627286555184,76.3613,106.22454124311388,0.8839,1.410468287484692,0.0,0.0,0.0,0213.png,0
118.6092,66.15161430653072,119.5109,92.90667188738385,53.1872,62.7422230731427,21.0,1.0,0.0,0214.png,1
52.9644,80.50358459497316,73.9546,101.83213608110164,1.2176,2.4733075506293183,0.0,0.0,0.0,0215.png,0
120.5727,62.375847206350635,121.1614,93.11392887232286,54.5817,63.123755632170685,26.0,1.0,0.0,0216.png,1
58.6311,82.54626710390967,73.7406,99.14769342571716,1.575,3.1281903714448074,0.0,0.0,0.0,0217.png,0
124.3061,59.47547227883105,122.7624,91.6843876908168,58.2093,62.874750842528194,30.0,1.0,0.0,0218.png,1
56.4925,81.38156636333562,73.4457,101.2179294962607,1.5609,3.231700974719041,0.0,0.0,0.0,0219.png,0
124.6207,57.869664173122686,123.463,89.3988010601932,62.7703,59.504236302216334,30.0,1.0,0.0,0220.png,1
52.076,80.13829811020446,74.0398,101.73948110718867,1.3935,2.9667250883760703,0.0,0.0,0.0,0221.png,0
121.5129,60.68996649850781,120.2544,89.84330626507465,62.5294,60.03768096487405,32.0,1.0,0.0,0222.png,1
52.8175,80.36821755986628,78.5021,104.75820920381372,1.043,1.8763664354277922,0.0,0.0,0.0,0223.png,0
119.4701,62.523610788165456,117.1702,91.05266845051824,64.4105,63.947814581500744,36.0,1.0,0.0,0224.png,1
49.2812,79.08611209662541,80.0277,108.50064484928188,0.8076,1.1656681517481724,0.0,0.0,0.0,0225.png,0
119.8412,60.90113777722055,118.6742,90.75108844724674,77.0912,73.0418775947059,40.0,1.0,0.0,0226.png,1
44.7151,76.59339874943531,74.4786,105.67774667374394,0.7894,1.1722830886778157,0.0,0.0,0.0,0227.png,0
124.1598,59.00008359282213,123.4927,86.59287815236308,87.1634,73.27219322799066,38.0,1.0,0.0,0228.png,1
48.8428,78.78576196344109,77.6916,106.62927594915011,0.8214,1.1878981606181567,0.0,0.0,0.0,0229.png,0
123.4724,62.42463326476176,123.2849,84.08121033851737,81.7549,75.51444382361562,47.0,1.0,0.0,0230.png,1
45.4894,77.03979807631897,73.1583,104.8355485563461,0.7758,1.1682184555980957,0.0,0.0,0.0,0231.png,0
124.345,58.147273151885635,117.653,83.70238461955549,99.4484,87.59199585258918,39.0,1.0,0.0,0232.png,1
44.2066,76.42493386611466,70.9093,103.6860833164702,0.7693,1.1599472013846148,0.0,0.0,0.0,0233.png,0
124.433,58.63250046689122,114.6451,86.6963294839522,103.3661,90.50151640050017,36.0,1.0,0.0,0234.png,1
43.1905,76.00418942236013,69.8157,103.77616939119503,0.7339,1.1177167753952697,0.0,0.0,0.0,0235.png,0
123.9258,58.98459200808293,108.8949,86.83317139198591,101.7324,92.37120216950736,32.0,1.0,0.0,0236.png,1
42.705,75.48864401352034,69.4488,103.76797857990681,0.7078,1.1010990691123121,0.0,0.0,0.0,0237.png,0
137.7182,48.72073674278746,109.3693,81.82153211416907,89.1316,85.70113932404867,45.0,1.0,0.0,0238.png,1
41.2387,74.83899199154142,66.178,102.02500044596911,0.6859,1.059547634606392,0.0,0.0,0.0,0239.png,0
146.5675,37.80452411749155,113.4614,79.157216411645,87.4237,86.72427329364022,45.0,1.0,0.0,0240.png,1
77.3395,97.84947644085788,63.2457,59.1630216563522,14.8914,24.988073275865027,3.0,0.0,1.0,0241.png,0
102.4109,65.60164831153254,155.029,70.57953215345083,17.7193,10.142352168506081,0.0,0.0,0.0,0242.png,1
69.8206,95.20021436761579,58.3438,60.19585535200908,13.7627,24.032964625904977,2.0,0.0,1.0,0243.png,0
100.266,66.35026634460483,156.8865,70.21750079396162,17.7069,10.211796726825304,0.0,0.0,0.0,0244.png,1
77.1975,96.54361860708352,62.9693,61.64323934958318,15.7495,25.716507339644707,3.0,0.0,1.0,0245.png,0
98.8074,67.35718451093395,157.1845,69.54156641714364,17.1505,9.582486616218151,0.0,0.0,0.0,0246.png,1
66.9552,92.96961650431824,59.3594,63.56739755283365,16.0559,25.961998674793893,3.0,0.0,1.0,0247.png,0
95.0551,68.23200322422024,159.4976,67.8296925707319,16.7919,8.738935541014133,0.0,0.0,0.0,0248.png,1
65.2917,94.54989799629612,57.4,62.28321764327851,16.0322,26.379574734252255,4.0,0.0,1.0,0249.png,0
96.6579,67.61914423881746,159.3931,69.0721953639089,16.6479,8.492062505069072,0.0,0.0,0.0,0250.png,1
64.6175,94.48955917851453,58.2704,63.31566696987405,15.8587,26.180892542272122,4.0,0.0,1.0,0251.png,0
99.6702,67.06550254758403,160.0795,69.26162270514602,15.8454,7.802941678623518,0.0,0.0,0.0,0252.png,1
57.0954,88.05659713411598,57.9067,62.68717887343472,14.9614,25.576835418792527,3.0,0.0,1.0,0253.png,0
101.0911,67.30654797855853,159.8977,69.80326664784393,15.5784,8.045573530830477,0.0,0.0,0.0,0254.png,1
62.6282,92.43925770342382,61.7955,64.64900370268671,15.5725,26.42938031339365,4.0,0.0,1.0,0255.png,0
102.9758,66.44855464462715,159.6906,70.61978810248583,14.6468,7.781738222273994,0.0,0.0,0.0,0256.png,1
57.5871,87.71059692870641,65.5869,66.25215504713789,17.3349,27.71572012396575,5.0,0.0,1.0,0257.png,0
102.9055,66.58178857427907,157.4217,72.06134517971476,13.523,7.343151298999633,0.0,0.0,0.0,0258.png,1
55.6444,87.01615107921059,59.2139,65.92447911656186,15.5471,26.353098140256677,3.0,0.0,1.0,0259.png,0
104.0534,66.30549561265643,158.6582,70.9995843139944,13.5742,7.156597959924813,0.0,0.0,0.0,0260.png,1
57.2261,87.32168447063994,61.0309,66.18974048287242,16.1245,26.96091615190404,4.0,0.0,1.0,0261.png,0
103.3981,66.65657369224733,157.0216,70.7835541170405,12.8344,6.588473012770105,0.0,0.0,0.0,0262.png,1
55.8768,87.46298086482075,59.0979,66.19160154876144,15.7317,26.80130808580059,4.0,0.0,1.0,0263.png,0
105.5214,65.96414436676943,158.863,71.28260398582533,12.9496,6.698884969903573,0.0,0.0,0.0,0264.png,1
55.8727,88.26350715165356,60.0695,67.20501521278005,15.8409,26.70099599621707,4.0,0.0,1.0,0265.png,0
104.3322,65.93698994615997,159.1165,70.68760802113762,12.2441,6.13569190800842,0.0,0.0,0.0,0266.png,1
53.3682,87.50526400600138,54.3293,67.27263828266288,15.2544,26.70824368317767,4.0,0.0,1.0,0267.png,0
105.8401,66.1812082995619,155.982,71.28905579399968,11.8364,5.801037410670612,0.0,0.0,0.0,0268.png,1
57.882,88.79055172708411,58.1656,67.83804077831259,18.1841,30.553111252211288,7.0,0.0,1.0,0269.png,0
104.5991,66.35809957488235,153.44,72.85712593837339,11.7438,5.841452007848733,0.0,0.0,0.0,0270.png,1
54.7917,85.2104354589859,61.82,69.16579935199188,18.153,29.81015248199848,8.0,0.0,1.0,0271.png,0
103.6731,67.0360517661206,151.9486,72.59512213668353,11.0049,5.590015741480519,0.0,0.0,0.0,0272.png,1
61.0753,90.77065070775905,63.5893,70.09956223479573,19.1877,30.42847792299181,9.0,0.0,1.0,0273.png,0
101.1755,67.11328556813473,148.8225,71.91435735477305,10.9904,5.814112816242905,0.0,0.0,0.0,0274.png,1
58.766,88.58235627934042,63.6566,69.84729111740842,18.3198,29.627573777817176,6.0,0.0,1.0,0275.png,0
104.7688,65.9238678064326,147.9137,73.50109558578022,13.2194,23.29312052173345,1.0,0.0,0.0,0276.png,1
56.8786,87.96910629328913,60.8588,70.78632256700442,17.7357,28.551592696555474,8.0,0.0,1.0,0277.png,0
106.8736,67.9762592604212,145.1391,76.34167768126399,16.0593,29.018173331724377,9.0,0.0,0.0,0278.png,1
51.608,84.23060332207055,58.4083,70.77005857783361,16.9883,27.53006652934206,4.0,0.0,1.0,0279.png,0
109.5916,67.33113699797443,141.51,77.98081494829353,15.5924,22.840005740804884,14.0,0.0,0.0,0280.png,1
52.4401,85.037641147847,59.2841,70.90975241241505,16.6498,26.46681242537529,7.0,0.0,1.0,0281.png,0
114.6337,66.71782613597358,141.1873,78.88134518826361,17.2394,29.29694672896819,14.0,0.0,0.0,0282.png,1
50.9771,83.91108136348858,57.3213,70.42166901110765,15.3838,24.894579682332456,4.0,0.0,0.0,0283.png,0
114.8925,66.96618507687295,137.877,79.49289950052143,19.6595,36.171609858423494,15.0,0.0,0.0,0284.png,1
55.4616,86.44502950106501,62.101,72.05247115123811,15.5976,24.650295621756747,5.0,0.0,0.0,0285.png,0
116.2827,65.95483743221568,137.7566,80.60069699723446,19.8162,35.585342734895775,10.0,0.0,0.0,0286.png,1
54.6452,85.60611261446229,65.0242,71.53334756852918,14.1312,22.911865628097598,5.0,0.0,0.0,0287.png,0
114.7122,67.84795480454808,138.7638,82.80785355001058,17.9119,33.29851555835484,8.0,0.0,0.0,0288.png,1
53.1385,84.91101293560219,73.1674,70.97600000873534,13.6027,21.469551758478797,4.0,0.0,0.0,0289.png,0
113.8217,67.59092919253293,141.045,82.60780335416261,19.2619,37.1100971218077,10.0,0.0,0.0,0290.png,1
49.2922,82.72115702261424,72.5571,71.0065865930056,13.6243,21.561367060323423,3.0,0.0,0.0,0291.png,0
113.4068,66.8368604421243,142.5686,81.74005195765415,17.7306,34.425383420377464,7.0,0.0,0.0,0292.png,1
57.571,86.75510681798508,85.24,67.24441835572675,14.7164,22.290665558479855,4.0,0.0,0.0,0293.png,0
113.2553,66.0988934998915,143.9473,83.32671914044137,13.7276,20.616769830407478,11.0,0.0,0.0,0294.png,1
54.1444,85.5682017377951,82.7844,68.21461659087441,14.3372,22.08381978191273,4.0,0.0,0.0,0295.png,0
119.7157,61.438537364670395,146.3571,83.35729349966924,17.2934,29.536064674224967,19.0,0.0,0.0,0296.png,1
52.8339,85.7611013851268,72.5016,70.59458051040463,13.689,21.58688673709111,4.0,0.0,0.0,0297.png,0
121.335,58.91607399513311,145.5172,84.41356824681682,23.7559,42.114196124228705,23.0,0.0,0.0,0298.png,1
49.0076,84.42886675918373,64.4031,71.1678509608798,12.0208,18.998072727516337,2.0,0.0,0.0,0299.png,0
123.9508,56.099538138562245,142.4484,84.78465154401472,28.2244,47.798515088232605,22.0,0.0,0.0,0300.png,1
112.8033,99.02611175397124,76.4018,57.54479434979327,7.2723,9.363330214725956,0.0,0.0,0.0,0301.png,0
104.5356,79.21830680240522,82.3755,70.20839906841631,2.8933,1.6483067402640807,0.0,0.0,0.0,0302.png,1
119.6982,97.86313665911183,81.0497,56.102909282050604,6.9951,8.258757533067548,0.0,0.0,0.0,0303.png,0
100.6445,79.7291974106726,78.6502,71.34514307197091,3.0998,1.7409882136304082,0.0,0.0,0.0,0304.png,1
115.4267,97.35343664766026,78.9043,55.91635486608546,6.305,7.64092762693117,0.0,0.0,0.0,0305.png,0
104.4915,79.4248080120437,79.2673,67.36967901593417,3.0817,1.7075787273212326,0.0,0.0,0.0,0306.png,1
111.6121,98.62982628794394,79.563,57.21624272005284,6.1593,7.58845989051797,0.0,0.0,0.0,0307.png,0
99.6499,80.44380603868765,77.6495,70.94349194781718,2.9466,1.6682171441392157,0.0,0.0,0.0,0308.png,1
113.0698,97.76984058471201,84.8708,56.30774997600241,5.8324,7.271541118635031,0.0,0.0,0.0,0309.png,0
92.5197,82.98615554362064,72.7393,72.34605680691934,2.7921,1.6195300522065037,0.0,0.0,0.0,0310.png,1
110.8935,97.31585152353135,87.0614,55.1027987496098,5.6978,7.369536970529424,0.0,0.0,0.0,0311.png,0
103.1294,81.95444378214033,79.6743,69.4116101204258,2.7875,1.6707913544186181,0.0,0.0,0.0,0312.png,1
110.2751,97.26151458819672,91.1761,54.95731333307697,5.8834,7.467864784528439,0.0,0.0,0.0,0313.png,0
99.865,82.68664084965602,77.3548,69.15147082282488,2.7345,1.6745177664032114,0.0,0.0,0.0,0314.png,1
114.6153,96.66002744625101,90.7475,52.953630128160235,6.0177,7.626348189664567,0.0,0.0,0.0,0315.png,0
99.8726,81.62894075779741,79.1023,70.93740222696346,2.8125,1.6816491161951712,0.0,0.0,0.0,0316.png,1
109.8552,97.62889650590137,92.8772,53.746383321671054,6.2212,7.823980480548249,0.0,0.0,0.0,0317.png,0
92.7641,83.17652944905792,77.7263,75.32298180708196,2.6407,1.7399435364401914,0.0,0.0,0.0,0318.png,1
117.6004,97.15008862497245,95.3789,51.998349346782156,6.2952,7.840309748983136,0.0,0.0,0.0,0319.png,0
95.58,82.33302618026376,77.4797,74.70182720596598,2.7015,1.787511608353915,0.0,0.0,0.0,0320.png,1
117.0412,98.27972477861344,94.5865,53.18441799766168,5.9468,7.615679205428758,0.0,0.0,0.0,0321.png,0
94.4935,82.8103336410982,79.8278,76.77561687905867,2.6526,1.8792853003203107,0.0,0.0,0.0,0322.png,1
117.4758,97.40573399117733,94.3883,54.23256515332831,6.4141,7.924053330840221,0.0,0.0,0.0,0323.png,0
97.0592,82.49333727859481,79.4377,75.49320710308974,2.7942,2.002959400487189,0.0,0.0,0.0,0324.png,1
122.1679,97.69058864389139,100.2357,49.903095550376435,6.4053,8.08810434588971,0.0,0.0,0.0,0325.png,0
93.8743,82.27561303028985,77.7614,76.6458431360762,2.7254,1.7817392738557458,0.0,0.0,0.0,0326.png,1
113.2016,98.68765554738849,98.3799,52.13638629584908,6.4751,8.272374507358816,0.0,0.0,0.0,0327.png,0
93.4462,82.38604800304479,77.4606,77.51479760432842,2.7794,1.8274943611404113,0.0,0.0,0.0,0328.png,1
108.6688,98.44587805774296,98.2057,51.44883854383887,6.5383,8.217367772589956,0.0,0.0,0.0,0329.png,0
103.7026,80.43109817253523,88.9855,78.50953120322397,2.8502,1.9530386478510864,0.0,0.0,0.0,0330.png,1
103.4119,98.36816272753089,94.9409,52.76916909702104,6.7891,8.602896093176994,0.0,0.0,0.0,0331.png,0
98.3945,81.70257688561604,84.5066,77.56756381658509,2.7347,1.9183628202193663,0.0,0.0,0.0,0332.png,1
64.2682,94.82679931728161,93.4438,65.03704668540847,15.265,22.288305790256917,0.0,0.0,0.0,0333.png,0
101.3223,80.53175661011002,88.6943,79.61016799071585,2.7975,2.05185129821827,0.0,0.0,0.0,0334.png,1
57.2506,91.75892544946241,93.3231,67.35605471217863,16.4729,24.326797273582894,1.0,0.0,0.0,0335.png,0
103.5234,79.1025729824258,91.6459,79.70458025226657,2.8105,2.017867624498693,0.0,0.0,0.0,0336.png,1
51.1425,88.54753747987574,90.2207,68.17712073349827,16.6841,25.30252373163594,1.0,0.0,0.0,0337.png,0
109.5799,77.23779913999363,95.2355,77.2880277905317,2.8461,2.079522731301584,0.0,0.0,0.0,0338.png,1
53.063,89.4993443048607,97.0134,66.16210259990231,17.794,26.334455832615944,0.0,0.0,0.0,0339.png,0
104.7409,78.71718851172213,94.0732,80.89292949176708,2.8858,2.1161659575751615,0.0,0.0,0.0,0340.png,1
49.7774,87.97526043860285,95.5187,67.1191824317758,18.1178,27.04861407096489,0.0,0.0,0.0,0341.png,0
102.1467,79.86272333892703,92.0219,82.5096116848819,2.8171,2.121755780008623,0.0,0.0,0.0,0342.png,1
45.3378,84.21051176165598,95.6997,68.02843464250813,18.45,27.975337352746973,1.0,0.0,0.0,0343.png,0
102.5305,78.78323977693479,94.596,83.95256627405742,2.8448,2.1613683073460663,0.0,0.0,0.0,0344.png,1
40.9339,80.23748955936993,91.166,70.83606739507776,18.7193,28.035161984729104,1.0,0.0,0.0,0345.png,0
109.8925,77.26159423510494,97.419,81.42081207529189,3.3763,2.432261973965798,0.0,0.0,0.0,0346.png,1
46.8357,85.36263412940113,92.5086,69.90065612023967,18.8973,28.446527955270742,1.0,0.0,0.0,0347.png,0
107.4005,76.62319035220342,102.6073,81.90521770137724,3.3574,2.4208397799110952,0.0,0.0,0.0,0348.png,1
47.6797,85.32366323541201,95.6099,68.0658381421253,19.2433,28.906696544399534,1.0,0.0,0.0,0349.png,0
104.0498,78.41931853797252,97.7559,83.38999529433971,3.1077,2.3463377229205515,0.0,0.0,0.0,0350.png,1
40.4633,79.5583474759877,95.8435,68.57464843329494,20.1368,29.373046926732,2.0,0.0,0.0,0351.png,0
104.7409,79.12306343405822,100.8304,85.06816581918292,2.8596,2.1810749276446235,0.0,0.0,0.0,0352.png,1
36.0181,74.50940324811359,95.3938,68.43230174091764,20.7214,29.88699687221853,2.0,0.0,0.0,0353.png,0
103.4467,78.44796975773177,99.3388,86.69679933284733,2.927,2.1803832231972433,0.0,0.0,0.0,0354.png,1
34.6998,74.18618928048535,93.3742,67.14532280330477,19.7912,28.72098192193296,1.0,0.0,0.0,0355.png,0
100.6434,80.71152480556913,100.5721,92.02982669542521,2.543,2.00881830935503,0.0,0.0,0.0,0356.png,1
32.2543,71.81328868329315,92.0081,68.92293547426719,19.0437,27.679569908327693,0.0,0.0,0.0,0357.png,0
96.8154,82.2206733300087,98.165,94.65256348879306,2.2989,1.768490539980353,0.0,0.0,0.0,0358.png,1
29.6481,68.09661861201333,91.4032,69.30355567905589,19.2653,28.101980640339214,2.0,0.0,0.0,0359.png,0
93.4794,81.64201476960255,98.7969,97.02176482825901,2.2671,1.7610103889528874,0.0,0.0,0.0,0360.png,1
95.7157,92.84808922918124,68.0367,59.84417058586408,2.6542,2.0937579516266918,0.0,0.0,0.0,0361.png,0
120.9147,87.8145649873072,104.8523,73.31947548032514,50.2882,65.56058374328282,15.0,0.0,0.0,0362.png,1
95.8346,93.65328954628342,67.4657,60.901735800467954,2.6252,2.076517507751861,0.0,0.0,0.0,0363.png,0
114.3994,86.53910607141722,104.834,75.43830488551556,49.7285,64.31629022067426,16.0,0.0,0.0,0364.png,1
99.3695,93.89252563303427,69.7003,61.750234654695845,2.6503,2.214545079694699,0.0,0.0,0.0,0365.png,0
120.8287,83.38338177544733,108.7144,74.95973340827727,51.1693,64.60629874485923,15.0,0.0,0.0,0366.png,1
98.7305,94.76268078600353,74.161,62.075329068801565,2.6432,2.202292841563083,0.0,0.0,0.0,0367.png,0
127.2057,82.85238432000614,102.7606,73.58519747639467,50.6957,63.37963475368093,16.0,0.0,0.0,0368.png,1
114.8562,93.23554859365605,84.8522,60.50456144093601,2.7457,2.2732425101603217,0.0,0.0,0.0,0369.png,0
122.6507,83.90516962327172,106.9348,75.25784310595142,54.2563,66.49492319200016,16.0,0.0,0.0,0370.png,1
107.981,93.17524262914478,79.2887,60.88993966420069,2.5947,2.0795749349326176,0.0,0.0,0.0,0371.png,0
124.8413,84.63619151586394,108.2777,75.82267987027365,53.5175,63.32452363618695,16.0,0.0,0.0,0372.png,1
117.6162,91.14933514601188,86.3597,59.896383162174324,2.6341,2.1169358020497455,0.0,0.0,0.0,0373.png,0
124.6863,85.95179982007357,106.9821,77.35034957639171,54.3219,65.02588930872072,17.0,0.0,0.0,0374.png,1
110.4653,94.37908134703368,80.9891,61.711078269545744,2.7225,2.2969313768591344,0.0,0.0,0.0,0375.png,0
129.0112,82.61781572130796,112.7779,75.87182857681763,54.6956,64.33165737519903,14.0,0.0,0.0,0376.png,1
112.8354,93.29082220047158,82.3467,60.3766602182499,2.8033,2.1448098074188304,0.0,0.0,0.0,0377.png,0
131.0842,83.07980807849762,112.3066,77.13293068748263,55.9123,64.6337281046823,19.0,0.0,0.0,0378.png,1
109.9701,93.81562985979468,80.9797,63.138310778084644,2.7553,2.124199122022227,0.0,0.0,0.0,0379.png,0
128.5621,80.35234622330576,112.8155,78.53105156401512,57.1786,65.59249120166119,18.0,0.0,0.0,0380.png,1
115.6291,92.24962185933339,85.2862,61.64919212414709,2.7678,2.139084654706307,0.0,0.0,0.0,0381.png,0
131.3537,77.74870157314525,114.5707,79.24615575225084,60.0269,68.17551449303481,20.0,0.0,0.0,0382.png,1
109.3024,92.18276603704187,83.3466,63.552980012270076,2.6473,2.1458105018850104,0.0,0.0,0.0,0383.png,0
121.6566,81.13287297045507,120.3267,79.56620116048019,61.1552,67.79577061262745,18.0,0.0,0.0,0384.png,1
110.4249,89.89383716356757,82.3599,63.719651380009914,2.7401,2.0893424779102157,0.0,0.0,0.0,0385.png,0
117.016,81.44187095100406,125.2532,79.53418440997557,59.0848,67.3431660152684,21.0,0.0,0.0,0386.png,1
113.4822,89.70668806259654,88.1355,63.174334501837066,2.8428,2.113548712473881,0.0,0.0,0.0,0387.png,0
114.7031,84.20760862528991,117.3356,79.75301231075852,59.4764,69.12974788786663,17.0,0.0,0.0,0388.png,1
116.4892,89.3191585459693,91.2574,64.37882683957513,2.6578,2.0171512486672882,0.0,0.0,0.0,0389.png,0
120.249,82.4083891299909,119.8349,80.49015245351445,59.9823,68.94910287095837,22.0,0.0,0.0,0390.png,1
109.8816,90.91277897765528,89.4537,67.64929900826763,2.6061,2.1094887508588425,0.0,0.0,0.0,0391.png,0
127.9041,76.71118238685935,127.498,79.89025845495807,63.1964,68.75714382549641,23.0,1.0,0.0,0392.png,1
106.1359,90.51020291210267,85.5155,70.05054289404187,2.5191,2.0915150465631367,0.0,0.0,0.0,0393.png,0
125.2335,76.68034675032449,127.744,77.726541567215,60.1827,65.96308149798642,17.0,0.0,0.0,0394.png,1
103.1084,89.57479695450054,84.0455,69.08344975281706,2.5562,2.04167616433165,0.0,0.0,0.0,0395.png,0
126.1401,75.76438788764811,129.4333,80.31999098051493,63.1944,68.13523323978572,22.0,1.0,0.0,0396.png,1
105.1289,89.62149454673248,86.1079,68.434000742248,2.6254,2.05540138172572,0.0,0.0,0.0,0397.png,0
136.5919,68.52289802970975,135.0795,75.93833405961708,72.732,66.82299735869381,33.0,1.0,0.0,0398.png,1
97.742,90.55075171416304,82.534,71.78060353605282,2.6478,2.204938810942381,0.0,0.0,0.0,0399.png,0
136.26,66.28565003075704,136.7385,77.83355778679271,73.7178,65.85237401309082,25.0,1.0,0.0,0400.png,1
96.0954,90.14911923496535,80.5556,72.49268451809465,3.1624,3.2703556748463916,0.0,0.0,0.0,0401.png,0
143.3356,62.78263591662905,138.5199,75.67738766626395,72.8261,67.52153033507165,28.0,1.0,0.0,0402.png,1
94.3847,88.62460440481526,79.4567,72.35896990083538,4.1014,5.916816546082869,1.0,0.0,0.0,0403.png,0
131.4134,68.37645282142091,136.8629,81.52172657390176,75.734,69.49668225174494,24.0,1.0,0.0,0404.png,1
90.6294,87.73786101586931,77.0698,70.66139913672811,4.3275,6.120624457520654,0.0,0.0,0.0,0405.png,0
143.163,59.613793965826396,143.4959,79.22139473141078,96.618,70.63390599421781,43.0,1.0,0.0,0406.png,1
102.2121,85.80794901167374,84.4403,70.77657123589698,7.1245,10.096484524328257,1.0,0.0,0.0,0407.png,0
146.1312,60.582442890329204,136.1862,80.95408037622316,88.1827,67.54480824393538,38.0,1.0,0.0,0408.png,1
108.6509,85.54122999577456,88.7376,70.66495274349232,6.9436,9.221519345530865,1.0,0.0,0.0,0409.png,0
134.5424,68.49177032490837,135.9101,82.9588332728348,77.5583,70.21909712542592,29.0,1.0,0.0,0410.png,1
105.8019,84.15586049937342,91.2427,71.38536542394385,7.3287,9.51796492481455,1.0,0.0,0.0,0411.png,0
124.0476,76.02483498331318,138.1859,84.83884217261573,78.7797,72.83247330628008,26.0,1.0,0.0,0412.png,1
110.0479,83.15381413735632,96.499,70.36076320649173,7.4678,9.099767203615706,1.0,0.0,0.0,0413.png,0
128.4283,73.40008078408361,135.9956,85.75904255902114,75.2225,71.65259655972001,27.0,1.0,0.0,0414.png,1
104.7283,84.9945320541857,94.9959,71.74971138053448,8.7642,13.21391684399444,1.0,0.0,0.0,0415.png,0
135.7029,69.25309690974115,134.0879,88.23256753370606,67.0202,66.96884941493322,21.0,1.0,0.0,0416.png,1
97.927,85.84890372625617,91.9789,74.90561430754039,9.2333,15.936953005828936,1.0,0.0,0.0,0417.png,0
142.561,64.49989518596135,136.9007,85.82271051132095,68.6223,67.46575162784448,23.0,1.0,0.0,0418.png,1
93.0701,86.85010987897483,90.0671,78.5103012195852,9.3635,17.295940788231206,1.0,0.0,0.0,0419.png,0
146.8427,59.94765180313571,141.8099,84.0057555289517,68.8908,66.28122868022287,21.0,1.0,0.0,0420.png,1
49.5866,65.35711973794437,56.9036,51.52627006721911,57.2902,78.94176197653559,13.0,0.0,0.0,0421.png,0
91.7995,81.83272755902739,97.1033,64.96927911798007,76.3829,89.93432874931574,17.0,1.0,0.0,0422.png,1
47.9944,63.34332457836422,55.4557,46.54679621101757,32.7728,49.38926178998832,7.0,0.0,0.0,0423.png,0
79.5216,79.39649572518928,100.0791,61.962053251889586,70.9892,85.48571157427422,18.0,1.0,0.0,0424.png,1
48.4442,62.436622957684065,56.7568,49.22544315453138,18.8014,15.309564266823534,1.0,0.0,0.0,0425.png,0
91.3747,81.4850053685339,107.8938,63.02592578899575,77.6498,87.6517630168384,25.0,1.0,0.0,0426.png,1
51.2693,62.50588594292541,51.2055,50.511557783837944,18.17,23.60592933989255,0.0,0.0,0.0,0427.png,0
88.217,82.76828928400055,115.9344,63.46419066402723,85.0309,89.63092850790959,26.0,1.0,0.0,0428.png,1
41.9804,56.484925562843756,54.5135,53.40411236740107,15.1819,9.876133473682907,0.0,0.0,0.0,0429.png,0
91.5422,83.92797518801463,113.5618,64.90512137543539,84.2236,90.76128581636557,25.0,1.0,0.0,0430.png,1
43.0909,57.102278739031064,53.7454,53.905420681412004,14.2656,9.466945475706511,0.0,0.0,0.0,0431.png,0
106.5858,84.74369497703059,113.2759,69.68351296533493,95.4874,93.83051231470498,29.0,1.0,0.0,0432.png,1
40.6292,58.16082106848217,59.9406,54.72415437117324,14.9421,10.229386471827135,2.0,0.0,0.0,0433.png,0
112.9187,81.38756471544039,114.1428,71.95499432395223,103.7882,94.88581843858438,37.0,1.0,0.0,0434.png,1
44.6947,66.67368965274083,56.075,56.00885621935159,14.2451,10.727517233265113,0.0,0.0,0.0,0435.png,0
105.9785,83.48146283906385,116.097,70.54559653869262,95.4339,94.32627539975275,30.0,1.0,0.0,0436.png,1
37.3238,57.08645683137113,57.3383,57.59787889419193,13.9753,10.531623327388802,0.0,0.0,0.0,0437.png,0
105.0005,82.88175854643771,119.0751,73.03251371813789,95.4946,92.42906886277714,30.0,1.0,0.0,0438.png,1
34.6231,57.90339235649325,58.9368,59.33595710663139,14.1287,11.026347369369423,1.0,0.0,0.0,0439.png,0
111.9867,81.92777748181626,114.455,77.39111948408551,97.894,93.69486946466172,31.0,1.0,0.0,0440.png,1
31.3359,52.01352584847522,59.571,60.045753879853976,14.1667,11.441202345470515,1.0,0.0,0.0,0441.png,0
115.9548,81.65857185231688,120.5492,76.65851406960613,100.6126,94.16762565361834,31.0,1.0,0.0,0442.png,1
33.5876,56.522081757840446,65.7723,60.72458194759351,14.67,11.707147389522351,2.0,0.0,0.0,0443.png,0
118.6278,83.56654753643949,116.5218,79.46207224053498,97.9349,96.05356454598652,29.0,1.0,0.0,0444.png,1
34.4333,60.97317730863302,61.4419,61.6614695283043,13.7465,11.708750477740997,1.0,0.0,0.0,0445.png,0
121.9692,75.56180682964113,118.4956,80.42913266124408,106.1732,95.48450974770725,31.0,1.0,0.0,0446.png,1
29.2718,52.827454271051145,61.7596,63.02231833120707,13.5594,11.481048368507121,1.0,0.0,0.0,0447.png,0
143.7521,59.44686236959861,129.2872,80.47979445898206,118.166,96.37884749259041,33.0,1.0,0.0,0448.png,1
30.9801,57.346688692460695,61.802,63.93675778454832,13.3487,11.83562031792166,1.0,0.0,0.0,0449.png,0
132.9058,66.90144786445208,130.1611,83.46620961077602,121.318,95.5943203124537,35.0,1.0,0.0,0450.png,1
27.3907,51.292419064711694,64.5952,65.30184022644384,14.0169,11.916367499787844,2.0,0.0,0.0,0451.png,0
137.4497,63.343649010062556,132.0007,84.12649820068586,121.1683,97.39395040304095,35.0,1.0,0.0,0452.png,1
32.2979,54.76100579417803,67.5826,65.49510956735625,14.6717,12.728790952403925,2.0,0.0,0.0,0453.png,0
139.1063,61.30983445019241,142.5323,84.12510895511518,133.9845,97.02416018574961,37.0,1.0,0.0,0454.png,1
27.9639,51.55206103338644,65.7925,65.93742824640645,13.5626,12.57251292463046,3.0,0.0,0.0,0455.png,0
139.2393,59.416735315145004,137.3836,85.4135015734632,128.4737,96.65848596119224,40.0,1.0,0.0,0456.png,1
26.6771,52.11164779192843,61.1301,66.85714602037692,13.3573,12.41892252612923,2.0,0.0,0.0,0457.png,0
137.5202,61.33465245650292,143.7934,85.31844534706431,131.497,93.9123633554177,36.0,1.0,0.0,0458.png,1
23.0208,46.53373364947197,63.5476,70.57900349424041,12.5511,12.17265742514756,1.0,0.0,0.0,0459.png,0
125.9029,67.05186255123715,139.4812,86.40769321397256,123.2353,94.36250703489178,28.0,1.0,0.0,0460.png,1
33.9441,59.93859003338333,61.3122,64.63609774081353,12.9162,11.55427096618389,1.0,0.0,0.0,0461.png,0
131.4518,66.68212561668982,137.3638,89.49646054207953,123.8434,94.1781719744018,35.0,1.0,0.0,0462.png,1
31.2711,55.51867618009277,58.1286,62.73768454477739,13.2488,10.919427574740354,2.0,0.0,0.0,0463.png,0
137.3859,62.708885982689885,140.3728,88.80083006458892,123.5703,93.71333767351368,29.0,1.0,0.0,0464.png,1
30.4574,56.71176408153779,60.4903,60.50922827065307,12.2673,9.368898052065676,1.0,0.0,0.0,0465.png,0
137.263,61.129192952303896,146.5983,89.47822940307883,128.82,92.85682742803569,31.0,1.0,0.0,0466.png,1
27.8366,52.156666883918106,62.9294,60.82874497834063,12.1428,9.57232511775483,1.0,0.0,0.0,0467.png,0
143.8644,53.745839026291144,152.4145,84.60168727484104,131.5484,87.60373426652542,32.0,1.0,0.0,0468.png,1
24.9342,48.42562823918757,62.1038,63.76145877848154,12.0576,9.304820376557519,2.0,0.0,0.0,0469.png,0
143.8143,54.28814617860882,153.3147,86.37508589813385,132.2312,87.96244622883108,33.0,1.0,0.0,0470.png,1
24.0093,45.753933311902266,65.6684,67.02261141913228,11.3012,9.446971925437273,2.0,0.0,0.0,0471.png,0
144.0831,52.97673257563173,156.0858,84.77244268251327,133.1555,84.8127580010814,37.0,1.0,0.0,0472.png,1
24.0052,47.482981929950434,72.1483,72.35359913031279,10.6467,9.615086016775928,2.0,0.0,0.0,0473.png,0
145.6362,51.23933693521024,154.3331,85.40739748048759,132.8547,83.41577541394673,42.0,1.0,0.0,0474.png,1
25.5871,49.17407664196655,80.4572,72.61834732462589,10.5881,9.50289631586076,2.0,0.0,0.0,0475.png,0
147.5933,48.100319074929224,157.4562,84.98830555764717,144.9503,77.45124292036894,40.0,1.0,0.0,0476.png,1
23.4367,47.35809532814849,80.4104,73.37250555787229,9.5203,8.944438937686366,2.0,0.0,0.0,0477.png,0
141.2798,54.08636530550005,156.7787,83.6837088465252,141.8759,74.01781744411274,49.0,1.0,0.0,0478.png,1
24.5459,49.810276983670754,81.5218,73.16676379859916,9.1493,8.421496868728267,2.0,0.0,0.0,0479.png,0
137.665,57.02331781823993,162.1179,82.59664641854414,142.3684,72.7646554409488,49.0,1.0,0.0,0480.png,1
125.387,67.37918247500485,42.1101,33.26284981762687,69.7776,23.14409942598761,15.0,0.0,0.0,0481.png,0
156.7436,28.093555471673568,143.5629,56.31658409021272,84.5222,71.65212562904189,25.0,1.0,0.0,0482.png,1
124.626,65.79048809668461,39.9891,32.709658836343735,69.3744,22.93189535646803,14.0,0.0,0.0,0483.png,0
158.1297,32.89408271878089,140.5857,59.004224048028966,91.7635,74.77537407295266,26.0,1.0,0.0,0484.png,1
121.1101,70.54157340171822,42.9748,35.70325146201673,66.1879,21.997049656488027,14.0,0.0,0.0,0485.png,0
156.5882,32.27792156815553,137.3593,62.053001567289236,88.0194,78.21011842236273,32.0,1.0,0.0,0486.png,1
122.156,68.54662693378866,43.0966,37.30814211991801,66.3345,21.199537960766975,15.0,0.0,0.0,0487.png,0
157.0287,29.913824167264202,143.0157,59.44407668986037,89.6967,74.14307593504601,35.0,1.0,0.0,0488.png,1
118.2973,69.11427285814415,44.2361,38.99784810460701,66.0571,20.643537477622385,15.0,0.0,0.0,0489.png,0
156.5815,25.97092138816026,151.0178,52.34428223941943,89.0067,76.41453170117579,26.0,1.0,0.0,0490.png,1
124.4265,68.60486570025482,44.0445,38.18615088942587,65.4047,21.036856179334404,15.0,0.0,0.0,0491.png,0
154.2128,27.479277941023124,150.4887,51.955306488461794,99.0828,79.6623169645473,24.0,1.0,0.0,0492.png,1
122.7018,69.64991512385353,45.9296,41.285649369242094,64.7877,20.017263267240104,16.0,0.0,0.0,0493.png,0
152.6955,29.243241608104938,148.4957,52.170895923972786,102.8629,84.58525582860172,22.0,1.0,0.0,0494.png,1
117.7247,68.35411114124739,45.4131,40.318388464694365,65.3042,20.640408483360982,16.0,0.0,0.0,0495.png,0
153.5719,29.10792727746172,149.5272,53.18432720416796,106.4783,88.9300316491004,21.0,1.0,0.0,0496.png,1
117.9086,70.02584127334708,45.9367,40.81393748598633,64.9771,20.563136326689083,15.0,0.0,0.0,0497.png,0
154.5237,29.02985425919324,152.042,51.920955653762775,110.6598,90.89421688952493,24.0,1.0,0.0,0498.png,1
118.2694,69.90947306080913,45.4207,41.053568803576624,64.8063,21.230025442989934,18.0,0.0,0.0,0499.png,0
153.9934,25.932816207269124,154.0905,52.205602283184135,112.6394,94.04776747823418,24.0,1.0,0.0,0500.png,1
117.6145,71.56743316446385,45.1177,42.683114304253856,64.3225,20.446870023306744,17.0,0.0,1.0,0501.png,0
157.8301,26.2228342097112,154.9409,49.09656818139125,113.6559,94.70699496441642,22.0,1.0,0.0,0502.png,1
110.9025,74.60165141436214,46.0896,44.118238539633474,62.3908,20.277496772530874,17.0,0.0,1.0,0503.png,0
150.1879,35.172713764934315,153.5438,52.60289803385361,108.9796,95.72212379507675,25.0,1.0,0.0,0504.png,1
110.2544,72.60744645447876,46.6796,44.623782267306744,60.1369,20.728486640128843,14.0,0.0,1.0,0505.png,0
153.3232,27.66372248559474,157.7989,52.77529022932986,111.4547,96.98664211070512,20.0,1.0,0.0,0506.png,1
106.6003,75.78680452367682,47.5098,47.73428855613122,56.0597,20.535806190894967,13.0,0.0,1.0,0507.png,0
157.1628,27.876995823797078,157.3325,53.580798274661795,112.3893,101.23492157111598,24.0,1.0,0.0,0508.png,1
100.1384,76.76214330931622,47.4961,49.779264606761714,51.3765,21.020222352534713,14.0,0.0,1.0,0509.png,0
159.3301,24.331583055567922,156.9706,50.44504272611928,119.1818,102.25247747003492,23.0,1.0,0.0,0510.png,1
95.9917,79.34940347041054,46.5454,51.30274007146207,48.6787,20.950595846180605,13.0,0.0,1.0,0511.png,0
156.8334,26.669950214426724,157.2122,52.663985522935874,116.7808,101.88495743415707,18.0,1.0,0.0,0512.png,1
90.6265,81.7277627110274,46.9812,52.56056360580621,44.8394,20.739831427473078,12.0,0.0,1.0,0513.png,0
153.7315,30.512269790200794,158.6854,52.96345935491752,118.4129,101.37060921978323,19.0,1.0,0.0,0514.png,1
81.1171,83.65313734457304,46.6245,56.657762925745665,38.4646,20.689213296788257,11.0,0.0,1.0,0515.png,0
153.1469,29.263077766872026,161.4567,51.611321675675,119.4344,103.74812623194696,19.0,1.0,0.0,0516.png,1
68.9278,81.36362692972826,47.7422,60.764097452031656,32.1617,12.913394329532416,10.0,0.0,1.0,0517.png,0
159.139,23.692755833798653,162.0727,52.0577661325378,117.731,104.82148271704612,20.0,1.0,0.0,0518.png,1
65.8149,77.92194708803162,46.7298,59.926927102597205,29.14,12.435071370925058,9.0,0.0,1.0,0519.png,0
157.7781,27.10123724832503,166.141,51.024369854021714,126.0238,106.48059369462588,23.0,1.0,0.0,0520.png,1
63.6787,76.7287264739224,49.9733,62.13404531422367,27.5821,13.030535660133086,10.0,0.0,1.0,0521.png,0
157.1108,28.701190277756773,167.3118,53.17530235701533,117.3155,106.93168922143707,20.0,1.0,0.0,0522.png,1
62.7753,76.78718128639701,50.2875,62.83830395348048,26.7518,12.95316937123884,12.0,0.0,1.0,0523.png,0
155.1247,30.351796485710693,163.4107,55.038096129045016,117.1312,107.40856663488252,20.0,1.0,0.0,0524.png,1
54.3952,73.93468074564196,50.7882,63.6296215670029,24.9357,12.903192066694196,10.0,0.0,1.0,0525.png,0
151.1488,33.46358107794203,166.4588,54.44722125655266,116.5239,110.99853795789383,18.0,1.0,0.0,0526.png,1
50.1314,69.4757953105972,50.437,63.65640447747579,23.469,12.153034147899033,8.0,0.0,1.0,0527.png,0
152.08,32.93497836647232,163.3852,55.90880271442056,123.4283,111.96872089610564,17.0,1.0,0.0,0528.png,1
50.1232,70.50765789444435,52.7503,63.01710204309621,21.5139,11.62769137834334,9.0,0.0,1.0,0529.png,0
152.2417,32.23957011360418,163.9666,57.5709326347941,115.2038,111.5160412925423,18.0,1.0,0.0,0530.png,1
45.305,67.22293340073757,52.7607,61.59703106083929,19.9724,10.842021870481537,6.0,0.0,0.0,0531.png,0
149.498,32.968245267226465,164.462,57.73366397518869,119.1333,112.87846796936074,17.0,1.0,0.0,0532.png,1
47.4824,69.5786870402137,52.3753,59.64312575569795,19.1307,9.455549561500908,6.0,0.0,0.0,0533.png,0
146.067,35.53327047993191,158.2737,62.606652907738166,115.844,111.90472672769458,17.0,1.0,0.0,0534.png,1
57.1148,73.37728681928762,56.0128,60.67274871109764,19.6686,9.951079038978637,8.0,0.0,0.0,0535.png,0
149.4188,31.567787482812285,155.625,61.4841668643237,119.6992,113.36087913985142,14.0,1.0,0.0,0536.png,1
58.686,73.45792676083364,60.7111,62.19173608117079,19.312,10.537725371255412,5.0,0.0,0.0,0537.png,0
150.2977,31.913377676297443,159.0176,61.90747846779095,112.9842,112.79933665744672,16.0,1.0,0.0,0538.png,1
65.3605,78.51694301072858,62.8564,61.63927951428374,17.585,10.308994858859908,7.0,0.0,0.0,0539.png,0
153.4232,27.61071715403278,167.448,57.368685674329335,110.2957,112.8899174484152,16.0,1.0,0.0,0540.png,1
27.9993,50.36076150645461,113.7729,45.11431619331052,49.5982,65.19855793466601,21.0,0.0,1.0,0541.png,0
150.8926,30.19529210390256,142.2282,45.88831141761484,143.2274,103.61790718423144,15.0,1.0,0.0,0542.png,1
23.383,42.513768487397115,111.8982,44.7170329601596,51.1268,67.82394062394192,17.0,0.0,1.0,0543.png,0
152.2239,29.582686977183126,143.1932,43.64996762610483,149.7853,103.92566191230152,16.0,1.0,0.0,0544.png,1
25.3955,45.93052013367582,111.297,43.80207975655951,49.7102,66.55859385503875,19.0,0.0,0.0,0545.png,0
156.1791,23.002361252488843,148.3709,44.846990235577685,144.4105,103.23403600436244,14.0,1.0,0.0,0546.png,1
26.3405,47.56811074396375,112.8167,45.40697634846434,49.5319,66.27277859264693,20.0,0.0,1.0,0547.png,0
153.9178,27.111596101299533,148.8045,46.778775953951595,142.1316,103.03939771485469,17.0,1.0,0.0,0548.png,1
23.4319,44.60732408909999,113.9456,45.32965078886005,49.8305,66.58163537905929,17.0,0.0,1.0,0549.png,0
154.9541,27.90884435425444,149.409,47.418071649952196,138.8096,104.86861374043237,19.0,1.0,0.0,0550.png,1
25.143,46.225165775797926,114.2784,46.5226084118249,50.2278,66.46950509188406,21.0,0.0,1.0,0551.png,0
151.6896,28.361333745788475,147.7861,47.6510288114538,144.5028,106.8744852252398,19.0,1.0,0.0,0552.png,1
27.1228,49.690233649682106,113.3128,48.65224718509927,49.4093,66.29592275178014,17.0,0.0,1.0,0553.png,0
151.6356,25.782300375257442,148.2217,50.153370266712884,152.2989,105.60335865298035,21.0,1.0,0.0,0554.png,1
25.8989,48.73094990650193,113.8389,47.77409702746877,51.2254,67.33095866568364,19.0,0.0,1.0,0555.png,0
151.0096,30.100008435879218,143.8095,51.9876659386628,139.0797,108.32883802529224,23.0,1.0,0.0,0556.png,1
32.0462,59.18065786690783,114.0995,49.34103768416307,53.6676,67.1464392968086,24.0,0.0,1.0,0557.png,0
150.6416,29.826192338949337,143.3822,51.9204326172269,144.1559,108.54650613994906,19.0,1.0,0.0,0558.png,1
27.275,50.26647167844586,113.0703,49.23294788970085,50.6107,65.96215691978243,18.0,0.0,1.0,0559.png,0
149.4762,28.106213433331785,143.6013,52.39331959620424,141.1041,108.40202979275803,24.0,1.0,0.0,0560.png,1
26.835,48.14459652962106,115.0693,50.429022373133506,52.2459,66.08375619764664,20.0,0.0,1.0,0561.png,0
155.3037,30.594729387755663,144.6969,57.23984652661116,135.9688,105.94148963725213,31.0,1.0,0.0,0562.png,1
34.1204,60.16873360674961,115.3414,50.63643397831249,51.3368,64.75932338868282,23.0,0.0,1.0,0563.png,0
146.9029,36.036698955231735,142.0232,58.65147962123376,136.8655,109.02829453747316,25.0,1.0,0.0,0564.png,1
32.5537,56.73509774654486,114.5717,50.51240302252507,49.6948,63.483554192877385,21.0,0.0,1.0,0565.png,0
152.4616,31.029578234968003,141.1916,59.368308797202566,145.1728,108.74053218630117,30.0,1.0,0.0,0566.png,1
32.3441,56.13717213389003,116.9871,51.43368092592635,49.3532,62.39006210735809,23.0,0.0,1.0,0567.png,0
144.8527,36.85370270013585,138.1873,61.278945966049385,149.4049,107.29939401501763,31.0,1.0,0.0,0568.png,1
33.4262,59.198043494358835,117.4309,49.800789403281556,46.6416,60.62462659216962,22.0,0.0,1.0,0569.png,0
149.0677,39.42209680762808,140.0539,61.95606503636266,134.5774,106.30650972184158,38.0,1.0,0.0,0570.png,1
34.3553,59.075709576017786,119.2541,52.62430363615275,46.5164,59.168193575940776,24.0,0.0,1.0,0571.png,0
153.9088,21.112396419165684,152.8648,56.1558591863752,139.5686,107.32182207752533,29.0,1.0,0.0,0572.png,1
36.5923,61.98387274694927,118.2455,54.58105742608877,46.6947,58.95824023756137,23.0,0.0,1.0,0573.png,0
152.2853,22.20480362241468,151.5547,56.33775295403608,138.9728,108.47356664256965,23.0,1.0,0.0,0574.png,1
36.0202,61.59783431225484,117.4186,55.35342061733854,46.2214,56.96236636622464,24.0,0.0,1.0,0575.png,0
152.6029,19.925536670062364,150.5504,57.31195215520057,139.5461,108.01241907665063,28.0,1.0,0.0,0576.png,1
37.9044,65.60528073745283,118.0777,54.8866856597299,44.5324,55.82844570861704,24.0,0.0,1.0,0577.png,0
149.8559,22.72755453606921,147.4392,58.89420093150089,142.475,108.98801757532797,24.0,1.0,0.0,0578.png,1
34.5549,59.27377991987688,118.5806,56.26465412352591,44.9308,55.374595360688645,25.0,0.0,1.0,0579.png,0
153.085,21.250735869611667,153.0876,56.16676709799132,141.1947,110.0358104978102,25.0,1.0,0.0,0580.png,1
37.3444,64.40667658434178,117.2199,56.64715477400431,42.964,54.21153847660108,25.0,0.0,1.0,0581.png,0
151.094,26.86018547962765,153.4912,58.88082134753217,131.9757,110.19481253448366,25.0,1.0,0.0,0582.png,1
37.5171,63.23040651134547,117.7987,58.03599726299188,41.6438,52.99502921557833,23.0,0.0,1.0,0583.png,0
151.3903,23.33288593187735,156.5835,57.323754480581606,135.3452,111.4389089903522,20.0,1.0,0.0,0584.png,1
38.2441,62.383048299918784,118.3058,58.35297495723761,41.1006,52.47021326085878,22.0,0.0,1.0,0585.png,0
148.1738,25.103170986152325,157.768,58.419202117112135,133.4654,111.7936465226893,22.0,1.0,0.0,0586.png,1
40.3615,62.930503078793194,116.7574,59.80934329383662,42.2698,52.37127464517165,23.0,0.0,1.0,0587.png,0
147.4653,25.31369581688932,154.3014,61.40625341152153,134.0802,112.49002074833128,24.0,1.0,0.0,0588.png,1
41.4404,59.86619119202423,118.5388,60.09718874090534,40.7516,51.437403680979074,24.0,0.0,1.0,0589.png,0
146.5734,26.304011337436734,157.7124,63.45584201820979,124.9565,113.6701641054063,19.0,1.0,0.0,0590.png,1
41.9557,59.07564758434731,117.3952,60.78536186418569,39.4185,49.4750377235834,23.0,0.0,1.0,0591.png,0
145.4613,27.746731380650946,149.3989,66.7626181241419,132.8108,114.225574208931,20.0,1.0,0.0,0592.png,1
44.2424,61.41459307233095,114.6834,63.31229236443742,37.3379,47.052140478303436,21.0,0.0,1.0,0593.png,0
145.2312,27.110948831791188,152.9289,67.52593460878569,126.997,114.83584453906367,17.0,1.0,0.0,0594.png,1
43.6213,59.20787689412617,111.0176,64.24084129461569,36.4147,45.068631262886164,23.0,0.0,1.0,0595.png,0
146.351,26.995799654761107,154.4742,64.18128648102966,128.4416,115.06704388937781,18.0,1.0,0.0,0596.png,1
43.7441,56.81044987667322,109.6299,64.70107669884636,33.5245,41.9683571247434,18.0,0.0,1.0,0597.png,0
147.4431,26.762233882656357,153.2919,63.34693437246983,126.1844,114.8007795994435,18.0,1.0,0.0,0598.png,1
45.9671,57.669687163968554,113.6776,63.905815527540206,29.7211,38.21932645651935,16.0,0.0,1.0,0599.png,0
150.1014,23.308876378753226,160.0853,60.69775139088762,118.3543,113.76477210239557,19.0,1.0,0.0,0600.png,1
65.0725,69.06983309484684,37.9824,37.349429583863795,46.7288,17.85208812884364,4.0,0.0,0.0,0601.png,0
89.8244,83.59507500229904,90.4301,72.53920811526687,24.2458,21.81712589595614,5.0,0.0,0.0,0602.png,1
62.6132,65.1834210958584,39.005,37.11397816187319,48.8811,17.645740641582602,4.0,0.0,0.0,0603.png,0
87.229,80.14875644075833,86.1132,73.00547914889677,20.8654,16.965149066247545,2.0,0.0,0.0,0604.png,1
62.4884,61.90502778805611,39.8448,40.87665486509384,50.5679,19.53314080198062,4.0,0.0,0.0,0605.png,0
96.3634,81.50786428584668,87.3925,72.03547767419884,21.7076,17.299511618539988,3.0,0.0,0.0,0606.png,1
73.826,61.591740712533856,35.6336,34.99872784888045,50.4598,19.210585206078445,4.0,0.0,0.0,0607.png,0
94.6994,82.30479110987403,86.5254,72.85796287874099,21.158,16.882465341294203,4.0,0.0,0.0,0608.png,1
83.1063,65.86523817849594,32.7448,33.24993342790328,67.9753,23.244308763867338,8.0,0.0,0.0,0609.png,0
93.6683,78.68928564366307,88.2046,74.7149606092381,21.0543,16.447119854552042,2.0,0.0,0.0,0610.png,1
86.1158,64.77299892980098,35.4349,34.133797942655015,67.4789,22.65131242974676,7.0,0.0,0.0,0611.png,0
97.316,79.81959373487189,91.4532,75.94056366501371,21.4981,17.47054653953333,3.0,0.0,0.0,0612.png,1
80.9414,66.02408625675936,36.8166,33.829791078870116,63.1778,24.11716374617878,8.0,0.0,0.0,0613.png,0
94.8066,78.82730235419706,93.1168,74.07724318412504,21.2672,17.020458400407435,3.0,0.0,0.0,0614.png,1
74.0236,60.313473146884846,38.9814,36.38756730038434,62.1701,29.555726450046873,8.0,0.0,0.0,0615.png,0
98.5495,77.48673918645693,94.5887,75.72106267287855,22.2244,17.380381026893513,5.0,0.0,0.0,0616.png,1
79.8035,59.5076775529847,33.7496,33.80674636577735,58.3191,23.813359174841338,8.0,0.0,0.0,0617.png,0
99.9885,77.48266107814058,90.8832,75.6896846192399,25.0584,19.040015478985307,5.0,0.0,0.0,0618.png,1
88.2362,65.08434688586803,35.2727,33.606807862544755,59.7801,25.441075920448018,9.0,0.0,0.0,0619.png,0
100.688,74.81266908752822,95.7326,77.36517884190536,26.1589,19.35702071058457,5.0,0.0,0.0,0620.png,1
87.1146,63.26454193969952,38.1141,40.32958816043129,57.2828,21.23180218822698,11.0,0.0,0.0,0621.png,0
107.8395,75.07273632784407,98.1931,78.35459662578833,26.1923,18.86927981429074,3.0,0.0,0.0,0622.png,1
87.2354,59.307572761326185,38.0044,35.354060313350146,53.6581,17.817087427242424,11.0,0.0,0.0,0623.png,0
104.8224,77.17534099853398,95.0263,78.58406968533762,25.8386,19.37034718429177,4.0,0.0,0.0,0624.png,1
95.1937,60.46102033798305,36.5867,35.96161124185066,49.695,15.455127789830792,8.0,0.0,0.0,0625.png,0
108.2721,75.5135064845356,94.7085,78.51526429777843,27.0966,18.75696319876968,5.0,0.0,0.0,0626.png,1
85.6375,59.729772255969635,36.3603,38.82256410787418,46.56,14.849242404917497,8.0,0.0,0.0,0627.png,0
108.082,75.15139037968626,95.2821,81.16481577376986,29.7518,20.87055334101135,6.0,0.0,0.0,0628.png,1
89.9251,57.38462067479404,36.5254,36.94160195281196,43.3592,15.034918535196658,7.0,0.0,0.0,0629.png,0
111.3433,72.31988139585131,97.6343,82.3486791849754,35.716,26.207745877888847,7.0,0.0,0.0,0630.png,1
91.162,60.12534869753356,35.0286,36.44513660339333,43.2542,18.708521650841362,14.0,0.0,0.0,0631.png,0
118.379,66.90395174427293,102.1793,81.05315386528768,49.3959,47.489501610250656,19.0,0.0,0.0,0632.png,1
97.9553,62.97887504481166,36.9728,40.02954733893453,40.6601,20.300043546505016,14.0,0.0,0.0,0633.png,0
121.1646,66.14475570171834,109.709,83.27039281161102,66.2809,65.57781328460108,26.0,0.0,0.0,0634.png,1
87.9636,63.78614641942246,40.192,43.96470102252487,34.3757,18.887179501185454,12.0,0.0,0.0,0635.png,0
116.5284,67.6968625080956,108.2352,85.23353964819248,78.0616,73.55307747089851,27.0,0.0,0.0,0636.png,1
79.1784,64.50420895910591,42.2573,46.84485347089902,27.6038,9.727138611123006,4.0,0.0,0.0,0637.png,0
116.8007,64.76418284445501,109.7443,86.44052127046666,81.8103,73.73134281911595,30.0,1.0,0.0,0638.png,1
76.8608,65.76508818027996,39.6455,46.679331933415675,25.7793,7.680168716245757,4.0,0.0,0.0,0639.png,0
125.038,63.519335292491846,119.5255,89.95675488672322,95.989,79.56464339768011,29.0,0.0,0.0,0640.png,1
77.33,64.81856755590948,39.0559,45.16516107787062,23.9023,5.704958782497907,4.0,0.0,0.0,0641.png,0
115.8657,67.98793321987367,114.781,92.62301786813039,107.9987,86.89092068973605,25.0,1.0,0.0,0642.png,1
68.8681,62.51489024536475,39.5976,44.60961638750102,23.2567,5.730078979385887,4.0,0.0,0.0,0643.png,0
110.8943,69.39508575907952,115.5438,91.97618540448393,109.593,84.30276953339077,24.0,1.0,0.0,0644.png,1
69.2809,64.33124120666412,38.4463,43.537697645948164,22.142,5.589904829243517,4.0,0.0,0.0,0645.png,0
109.9397,69.356809787576,117.1887,93.0977362362265,127.5431,84.854409092221,22.0,1.0,0.0,0646.png,1
64.8069,63.94841368157619,40.6326,47.308872500198106,20.0348,5.536676707195392,4.0,0.0,0.0,0647.png,0
104.8524,71.11587174632677,112.2992,89.42911538956426,154.0613,85.33533232085055,25.0,1.0,0.0,0648.png,1
56.3017,63.3117199032691,42.1786,49.81841729762197,18.313,5.237922393468616,4.0,0.0,0.0,0649.png,0
100.5336,74.76442784533297,104.5552,93.29213232079111,173.0154,79.26681249324966,39.0,1.0,0.0,0650.png,1
55.3189,63.844869823580964,43.7182,51.696404021556475,16.8435,4.846834817692883,4.0,0.0,0.0,0651.png,0
107.4302,74.18201889919146,113.1876,97.78950867163616,172.5884,75.1791645699791,33.0,1.0,0.0,0652.png,1
45.9782,59.81633994787712,50.1789,54.23217398177949,15.767,4.774632027706429,4.0,0.0,0.0,0653.png,0
106.8159,76.88562939320975,111.5537,101.22362627524268,174.4489,74.85678452077674,26.0,1.0,0.0,0654.png,1
43.5414,57.934724354569944,47.7711,50.49001787274391,15.3154,4.490158442638745,4.0,0.0,0.0,0655.png,0
107.5475,75.56068120226286,118.5883,102.61533415191903,170.6833,77.23317681611964,21.0,1.0,0.0,0656.png,1
48.5577,59.185566405247826,45.9568,48.062529414919474,15.7906,4.418976311319173,3.0,0.0,0.0,0657.png,0
105.7283,75.70485241455795,117.0659,102.87997451977716,170.9252,78.70031006902069,19.0,1.0,0.0,0658.png,1
60.8874,61.5106407155705,39.9484,39.11690091814534,17.7395,5.339460623508708,4.0,0.0,0.0,0659.png,0
106.7759,74.11801993570793,119.7436,101.99400795654614,168.1485,79.42664318570941,23.0,1.0,0.0,0660.png,1
24.9124,15.839277958290902,65.6705,31.78440702215475,98.3563,51.3928025146518,13.0,0.0,0.0,0661.png,0
66.7877,70.39721747846289,158.8665,54.389803067762614,114.726,80.24570719982472,36.0,1.0,0.0,0662.png,1
24.5609,17.869826277555134,61.8108,30.556521453856618,95.931,47.44476408414315,12.0,0.0,0.0,0663.png,0
62.2463,66.96131596907277,160.8717,50.97127857048516,111.7279,79.59177760039036,36.0,1.0,0.0,0664.png,1
24.959,13.257643795184723,58.0526,28.65301787316652,90.1516,41.099250813609736,7.0,0.0,0.0,0665.png,0
64.5804,67.14232596388064,162.4673,52.43432206780212,117.7322,79.86966810473172,37.0,1.0,0.0,0666.png,1
24.4508,11.92233950867027,58.7825,27.552948912049324,86.8455,37.341449218663165,7.0,0.0,0.0,0667.png,0
63.2449,67.00502163263586,159.7773,53.199235941035845,112.4551,81.29590631753851,35.0,1.0,0.0,0668.png,1
24.9717,13.50354394631276,55.2705,27.03244587065699,85.2791,34.796818865953824,4.0,0.0,0.0,0669.png,0
59.7875,63.83001600931964,168.4468,51.66834204578274,112.6559,80.68814098236494,34.0,1.0,0.0,0670.png,1
25.5084,12.826095642868097,56.5744,27.77735524919534,77.6504,32.90062278802637,4.0,0.0,0.0,0671.png,0
61.2941,66.4736339099195,166.3328,53.99065700804168,113.0588,80.50904509780251,35.0,1.0,0.0,0672.png,1
24.0093,11.900076197655208,60.505,28.336414293272888,68.2499,30.194440713316748,4.0,0.0,0.0,0673.png,0
67.6082,65.91590166841382,162.017,55.651076458591525,117.7033,84.8573925424886,33.0,1.0,0.0,0674.png,1
24.9918,12.852047804143899,59.3211,29.100030838299812,63.8174,29.44979893377882,4.0,0.0,0.0,0675.png,0
67.7744,68.62618964098182,162.6308,55.181733312392424,116.7231,84.23918225143215,32.0,1.0,0.0,0676.png,1
24.3176,13.036177746563599,63.5329,28.109064687214335,59.3333,27.220419010551616,4.0,0.0,0.0,0677.png,0
65.1241,65.09686704588786,166.4207,54.27963625071561,117.4286,83.00552211774828,33.0,1.0,0.0,0678.png,1
24.7384,11.195542212863119,58.9099,25.593237036178135,52.8015,20.924251426275685,4.0,0.0,0.0,0679.png,0
67.7516,66.25754370213251,163.0377,55.58532431055881,119.6974,84.0491144108015,35.0,1.0,0.0,0680.png,1
24.3637,10.354207951842575,58.2958,23.33647579134433,51.8311,19.505347287090277,4.0,0.0,0.0,0681.png,0
67.3037,66.56377743420217,162.6719,53.53772922332437,120.4827,83.97183873603103,37.0,1.0,0.0,0682.png,1
23.215,10.27423841459794,60.9217,24.03222355734067,48.9321,18.944204643900996,4.0,0.0,0.0,0683.png,0
62.6885,65.33634568714415,165.34,55.65863634693182,121.3097,82.75925075730206,34.0,1.0,0.0,0684.png,1
23.4556,11.65892913778963,58.338,23.17226264308257,36.862,12.82631498131868,4.0,0.0,0.0,0685.png,0
62.9384,63.61799906818825,162.8317,56.39697664866443,124.3875,84.06933771447233,35.0,1.0,0.0,0686.png,1
25.4729,25.300578364733088,56.2408,33.10286415644423,17.2333,10.457431382036413,1.0,0.0,0.0,0687.png,0
65.0498,63.971346085259135,164.8284,57.936152387261615,129.9915,81.57308886973694,40.0,1.0,0.0,0688.png,1
24.2328,14.366447165531218,68.8171,32.987810591034986,48.0515,31.481687498449,5.0,0.0,0.0,0689.png,0
64.2926,64.21602280770742,162.7809,60.302922774853954,135.3266,80.06651192877082,38.0,1.0,0.0,0690.png,1
24.8278,14.96780368524387,67.8757,33.4757621199279,41.2946,27.88817690061507,5.0,0.0,0.0,0691.png,0
66.1027,63.644653763768716,163.7917,58.10373061267237,140.8252,79.90980818998379,44.0,1.0,0.0,0692.png,1
24.1181,16.239604440687586,69.9792,34.19167979728402,39.2328,26.675854328587118,5.0,0.0,0.0,0693.png,0
80.4751,65.39480392194781,132.0037,63.65419456964325,151.6043,105.5554902480681,40.0,1.0,0.0,0694.png,1
23.3622,16.69511339164847,70.588,31.814544724072352,36.4875,22.61670718186005,5.0,0.0,0.0,0695.png,0
85.3572,65.668009016263,139.6368,64.93243323455545,153.4182,105.93087797597073,45.0,1.0,0.0,0696.png,1
22.5263,12.81568992719471,67.2551,30.064570909793474,36.3341,20.044627140208917,4.0,0.0,0.0,0697.png,0
86.2676,65.80385695565268,141.4526,64.77782300479078,154.638,106.60058234362512,45.0,1.0,0.0,0698.png,1
24.1511,14.362815489659402,59.4254,27.108265065105144,34.2169,15.901567670830445,4.0,0.0,0.0,0699.png,0
89.0898,66.70477895893217,148.5974,66.26311427362889,156.672,106.65085942457286,38.0,1.0,0.0,0700.png,1
23.2976,15.76447380155773,57.938,25.591556341887454,32.4868,14.42517333552703,4.0,0.0,0.0,0701.png,0
86.0397,66.33376759924013,151.2354,66.70454247530674,148.938,108.05709303881906,40.0,1.0,0.0,0702.png,1
23.8402,14.502726087187881,58.3732,26.2824565396768,29.8911,13.117356471103468,4.0,0.0,0.0,0703.png,0
86.2551,67.6117003483125,157.3163,66.210925490511,147.6085,109.08413462896426,36.0,1.0,0.0,0704.png,1
22.8465,13.237459641109393,62.0563,27.07428910073171,23.8908,10.397964962433754,4.0,0.0,0.0,0705.png,0
88.5526,68.13298638134101,157.8554,67.18273804214888,150.2532,109.20623741233831,35.0,1.0,0.0,0706.png,1
22.7367,12.461178640481807,60.4452,24.16799944058258,22.9255,9.58054015961522,4.0,0.0,0.0,0707.png,0
88.256,68.47663589867715,159.3248,68.35551700455494,149.8212,109.17613581071643,35.0,1.0,0.0,0708.png,1
22.6616,12.653311244097333,62.9307,24.39260333605251,20.2775,8.590511844471202,2.0,0.0,0.0,0709.png,0
87.8711,68.23285634348015,159.8861,68.0174119383412,148.9667,110.14946023975787,34.0,1.0,0.0,0710.png,1
27.2895,20.575215424145625,69.8125,41.34770542303406,18.7649,14.122897294464758,1.0,0.0,0.0,0711.png,0
92.2538,67.74154401517579,153.1013,67.89964829297718,154.8357,110.88112601119272,35.0,1.0,0.0,0712.png,1
27.1259,22.443249523854607,72.285,42.015732470111715,17.9336,13.561415524936915,1.0,0.0,0.0,0713.png,0
89.5405,68.26586526039203,154.4855,66.26429800239342,146.1141,112.6110113674058,34.0,1.0,0.0,0714.png,1
26.0094,21.27787375749748,72.6478,42.32503697765662,17.1252,12.751687141707956,1.0,0.0,0.0,0715.png,0
95.4499,68.55095980356512,163.0985,70.03965874952561,140.6957,107.67134484861792,35.0,1.0,0.0,0716.png,1
26.3747,23.900956045940923,70.0623,43.68425824836677,15.5342,11.64726707687258,1.0,0.0,0.0,0717.png,0
95.4883,68.98914453093327,166.7722,68.92497883322126,125.8925,104.73406677748171,28.0,1.0,0.0,0718.png,1
30.0265,30.6908846035757,63.9203,45.79042201061266,13.7952,9.816264919000504,1.0,0.0,0.0,0719.png,0
103.2821,68.3570019792413,173.4008,72.01724765193404,100.7934,88.92727318680136,24.0,1.0,0.0,0720.png,1
25.6656,51.61573574637874,126.0077,57.401726809478475,38.5897,34.59109067245495,14.0,0.0,1.0,0721.png,0
132.8422,72.78311273338068,122.204,72.52066590979429,59.8593,47.63698251894215,12.0,0.0,0.0,0722.png,1
26.4354,52.64744463732309,131.422,57.20281563000199,40.0701,36.41459852847481,17.0,0.0,1.0,0723.png,0
142.4098,71.30872361752103,121.8841,73.57137940252309,69.3318,58.71751109132607,20.0,0.0,0.0,0724.png,1
25.7102,51.183968349083685,128.1285,60.95736532815374,38.7444,36.55230319200146,12.0,0.0,1.0,0725.png,0
143.4057,68.97985580957676,120.4921,74.67143187049516,73.1423,63.599347879597005,25.0,0.0,0.0,0726.png,1
26.4986,52.271615605795084,124.3124,61.31009220544363,38.2102,35.83512265864316,19.0,0.0,1.0,0727.png,0
137.5593,71.07257898451414,119.9921,74.4848161546365,75.5857,65.4882329545545,25.0,0.0,0.0,0728.png,1
25.669,48.27550765139607,124.8392,64.30849044535255,37.4332,34.30391723637404,15.0,0.0,1.0,0729.png,0
144.43,66.26260257490645,120.8919,76.37598061164256,84.6582,69.9054030298088,28.0,0.0,0.0,0730.png,1
24.9897,45.30634606663839,124.2135,63.23381941453482,38.0981,34.095229525404285,19.0,0.0,1.0,0731.png,0
139.2139,64.9653842195211,119.5337,75.15496300518016,90.9557,75.08974189268466,30.0,0.0,0.0,0732.png,1
20.5603,37.74177213526148,127.6331,58.33756152248738,39.0764,36.864502750477996,20.0,0.0,1.0,0733.png,0
139.8273,67.78477612790353,114.5754,75.32719638244875,93.274,76.98593588441983,31.0,0.0,0.0,0734.png,1
22.3455,43.124324107746894,129.3049,61.429194492439834,41.5011,42.493498311977085,23.0,0.0,1.0,0735.png,0
143.2747,62.91661338557567,117.4202,77.72703411272039,101.5451,80.721927417462,31.0,0.0,0.0,0736.png,1
18.9672,36.40635554625044,131.0699,61.9826428445093,41.9983,44.36057593302864,20.0,0.0,1.0,0737.png,0
137.4763,66.30814910936664,113.7232,81.3138732428852,109.0521,83.46947696966838,32.0,0.0,0.0,0738.png,1
21.3588,40.96075270988071,128.9597,65.21182773017483,41.5987,43.915622030320826,23.0,0.0,1.0,0739.png,0
137.5864,65.58306286717631,112.8605,84.02353146440585,116.7539,85.49782298275203,30.0,0.0,0.0,0740.png,1
17.3683,33.355941826157455,129.0154,64.08286949598933,42.4505,44.87542255789911,26.0,0.0,1.0,0741.png,0
135.8323,65.13585784120755,109.3775,86.32684283436988,122.5313,87.61786245001643,28.0,1.0,0.0,0742.png,1
22.7229,44.193301705009546,121.6954,66.5251547825332,39.1241,41.234132695983796,26.0,0.0,1.0,0743.png,0
131.987,65.46006287042505,109.7669,86.5801048993936,122.353,90.54558957232538,30.0,0.0,0.0,0744.png,1
25.1029,51.135652059888706,123.2548,66.52530102870637,40.691,43.878745640685764,24.0,0.0,1.0,0745.png,0
128.7851,68.10523414532837,106.9478,87.51727072504032,129.701,91.92392941448924,34.0,1.0,0.0,0746.png,1
22.2681,42.7000634939809,124.7674,66.52617302415644,38.5147,40.82930790388198,25.0,0.0,1.0,0747.png,0
125.129,67.7245934576207,105.239,88.63386981848417,130.9881,92.82540685819804,36.0,0.0,0.0,0748.png,1
23.0858,45.99320861127216,124.9648,66.85594783532727,37.4948,41.020718825491095,23.0,0.0,1.0,0749.png,0
119.1422,73.07348478867009,102.9657,91.47664359556488,140.6106,93.52479546965073,33.0,1.0,0.0,0750.png,1
22.9752,47.50009247317315,121.1738,67.94623605145468,36.788,40.92577984596017,24.0,0.0,1.0,0751.png,0
126.4981,71.88336105379324,104.6944,92.60728701695132,137.8967,93.03115192831915,30.0,1.0,0.0,0752.png,1
22.7992,46.00481800159631,119.3046,68.18377533431249,36.7315,41.07108968301182,25.0,0.0,1.0,0753.png,0
123.4741,71.06893223617476,105.864,92.8084516841004,138.1784,93.05181230604808,30.0,1.0,0.0,0754.png,1
24.2734,48.002842128774,115.8896,70.08984813680225,37.3174,41.38210793616005,25.0,0.0,1.0,0755.png,0
117.9556,76.15076380864475,99.1235,92.3189387273814,147.1024,93.59166583750927,30.0,1.0,0.0,0756.png,1
28.7333,56.757018694695375,114.9228,70.05013804526011,38.7336,42.185263197472175,23.0,0.0,1.0,0757.png,0
120.3787,75.28256694819858,100.2848,93.31569047571794,148.662,93.1455428670637,30.0,1.0,0.0,0758.png,1
29.5223,57.94921313279413,112.3048,72.15086206664478,36.8499,40.244311026404716,25.0,0.0,1.0,0759.png,0
117.9396,73.97805993563226,104.4135,95.66842487336143,149.85,91.9646981183541,26.0,1.0,0.0,0760.png,1
27.37,53.153743988547035,112.256,73.72464760173493,37.1103,40.384699254915844,28.0,0.0,1.0,0761.png,0
115.4719,75.40065656471434,101.6551,95.5299164868786,152.6025,92.23098770884978,28.0,1.0,0.0,0762.png,1
29.5067,56.47648497481053,108.8686,75.38984768548083,34.8378,39.6446451763665,28.0,0.0,1.0,0763.png,0
116.9825,76.86379377671908,100.2337,95.21257734306954,152.2617,91.37125922909237,28.0,1.0,0.0,0764.png,1
29.0368,56.65691348599922,112.5024,74.35119228526199,32.4758,38.5691173655815,28.0,0.0,1.0,0765.png,0
115.9113,75.10290295527864,98.9579,95.1838301792379,154.5258,91.41220998509992,31.0,1.0,0.0,0766.png,1
33.6198,60.16215461533936,101.3003,72.73390763536634,32.4556,39.82075625399397,23.0,0.0,1.0,0767.png,0
119.2343,74.82482077165305,103.1851,94.86566311363666,154.4512,90.70980773080716,29.0,1.0,0.0,0768.png,1
32.4246,55.89290397572843,101.3778,72.53633894235357,30.4604,39.76291025365221,19.0,0.0,1.0,0769.png,0
117.443,75.15185793445163,105.6755,96.88766381614327,154.6433,89.17402909541545,32.0,1.0,0.0,0770.png,1
33.3175,55.223676930733255,108.0631,69.25877502807857,29.3015,38.23896177657024,20.0,0.0,1.0,0771.png,0
120.2044,73.69705706905806,102.0252,94.55109922660868,150.7204,91.03534052136015,31.0,1.0,0.0,0772.png,1
35.9922,60.232042462131396,105.2282,69.56898967758552,26.7118,34.96034240049717,19.0,0.0,1.0,0773.png,0
115.1237,78.24144041561352,99.6207,94.61590157848732,151.593,91.10209301108291,29.0,1.0,0.0,0774.png,1
34.2567,59.865310532143745,95.1807,74.55823527625905,23.2577,31.26701601864175,17.0,0.0,1.0,0775.png,0
119.4913,73.6166959616499,101.4768,95.26238219654178,151.6183,91.01935291524545,31.0,1.0,0.0,0776.png,1
34.2938,60.04955688062985,91.8937,75.59289781659385,21.0772,28.357719234099203,15.0,0.0,1.0,0777.png,0
120.7121,75.0493012198648,99.546,94.19504914803113,151.8368,90.95771526242291,31.0,1.0,0.0,0778.png,1
33.1966,61.59521043425374,76.4549,78.96918618037037,18.9768,25.115307319640745,17.0,0.0,1.0,0779.png,0
125.1608,70.65234987854261,104.2848,94.78518813063567,147.6125,92.93863429032083,31.0,1.0,0.0,0780.png,1
46.6242,72.23893115460665,98.0045,67.53164798633304,32.268,33.78201557041853,11.0,0.0,0.0,0781.png,0
120.5549,72.35164397572456,102.8999,93.92745541102452,154.3418,90.43509259551847,31.0,1.0,0.0,0782.png,1
42.728,66.71638641293457,92.2752,61.96405623391677,26.2469,28.397565747612948,7.0,0.0,0.0,0783.png,0
123.6465,70.22130971257941,106.9254,95.70046935537987,153.1457,89.70985158559789,31.0,1.0,0.0,0784.png,1
45.606,70.2545910528273,90.7683,57.89502236902582,22.9155,26.52031221064337,3.0,0.0,0.0,0785.png,0
124.8753,69.19048597827594,109.6073,96.29237709554168,152.31,88.6846474876007,35.0,1.0,0.0,0786.png,1
37.3754,63.37554161378031,87.2574,54.99709942569698,20.4222,23.614092130759545,2.0,0.0,0.0,0787.png,0
120.1254,70.4134651529095,104.0677,95.05140986176902,156.3697,89.4205324403182,33.0,1.0,0.0,0788.png,1
47.9067,75.75840676195614,82.0326,51.216734933418,18.714,22.770630294306745,0.0,0.0,0.0,0789.png,0
125.8038,68.8599673653713,106.7408,93.90532900405599,153.8856,91.27570494189568,35.0,1.0,0.0,0790.png,1
40.4424,70.88643792884504,79.7868,48.927752306436474,16.4501,21.293114144953062,0.0,0.0,0.0,0791.png,0
123.8445,68.62571616930492,105.7356,93.50387100350446,154.0209,90.31751249447694,37.0,1.0,0.0,0792.png,1
34.2492,62.99977380403837,84.6511,50.32032361571217,14.8624,18.529864172195108,0.0,0.0,0.0,0793.png,0
120.2244,67.9032903815419,102.6074,93.34248799576751,159.341,89.93728881281667,39.0,1.0,0.0,0794.png,1
37.011,68.0977274143565,80.0561,51.610329903905864,13.373,16.063588360014705,0.0,0.0,0.0,0795.png,0
123.0456,66.7024356424861,104.2597,93.61104986009931,163.6081,89.16480872177094,40.0,1.0,0.0,0796.png,1
33.2937,64.91103789271898,86.3753,48.798420567780674,12.7042,14.817594351310877,0.0,0.0,0.0,0797.png,0
123.4163,64.0806163696168,106.3263,92.35976845093323,161.0008,90.38535943038562,44.0,1.0,0.0,0798.png,1
30.6716,62.09496077331879,86.4133,48.236534733643545,12.5034,15.058943802272456,0.0,0.0,0.0,0799.png,0
121.382,63.6090879984928,106.5898,93.06130847973286,165.3146,91.00899640606967,39.0,1.0,0.0,0800.png,1
31.9817,65.75266964245635,86.5138,51.74762419242066,13.418,15.881891449068652,0.0,0.0,0.0,0801.png,0
118.3308,67.15372641454829,106.5189,95.17874995391566,167.0378,89.71806156599685,43.0,1.0,0.0,0802.png,1
32.8028,67.39181339124212,87.1264,52.97134341358543,14.1011,16.07071494333715,0.0,0.0,0.0,0803.png,0
118.1816,68.01760964220956,106.2802,94.70372478398092,168.0637,89.53490181102562,38.0,1.0,0.0,0804.png,1
28.2115,60.925821847144576,78.6797,56.39635722198731,13.1406,16.00291947239628,0.0,0.0,0.0,0805.png,0
116.7783,68.03806691191338,107.8605,93.6424094080775,166.9357,90.33210927189732,41.0,1.0,0.0,0806.png,1
28.4805,61.7054261775251,75.8872,59.02484964961791,13.0326,15.96259807299551,0.0,0.0,0.0,0807.png,0
121.3313,63.13960199676587,112.6435,92.90536264258377,163.7892,90.01050029502115,38.0,1.0,0.0,0808.png,1
32.3646,66.81596116827177,77.7742,59.32269898074429,13.5465,16.04101735395857,1.0,0.0,0.0,0809.png,0
120.2091,66.80776434809056,114.2893,90.65254991179233,160.6747,90.8682127033981,40.0,1.0,0.0,0810.png,1
34.0384,69.89208914777122,74.7208,60.41716682665615,13.2083,16.039361306174257,2.0,0.0,0.0,0811.png,0
123.4462,62.4585326881764,119.2587,89.70558273769811,159.2056,89.59840472151276,37.0,1.0,0.0,0812.png,1
26.9583,58.85531039005741,77.7932,60.91989029668389,13.4103,15.93613986855035,2.0,0.0,1.0,0813.png,0
121.3034,65.0683375263269,118.086,89.70563529678613,160.4006,87.52477546180853,41.0,1.0,0.0,0814.png,1
28.5859,61.12166899872744,74.8503,63.88548262250196,13.8573,16.13469977130036,3.0,0.0,0.0,0815.png,0
123.8,64.61593301965081,124.4163,85.41825679742007,151.3694,86.03079880856623,39.0,1.0,0.0,0816.png,1
27.3629,59.69894306928726,67.5177,65.40100830040772,13.3281,15.882709164056365,6.0,0.0,0.0,0817.png,0
128.769,63.155267705869164,123.6851,84.13253079510922,148.0562,83.90818459220769,42.0,1.0,0.0,0818.png,1
30.1441,61.18851473266858,72.3974,64.39952696441178,14.7565,16.198407568338315,6.0,0.0,0.0,0819.png,0
139.5934,48.60009749414089,130.6419,78.4455764488349,134.0514,83.56094517201203,39.0,1.0,0.0,0820.png,1
33.2911,60.17769986290603,78.1833,62.830714631539884,29.3478,48.73716072115814,18.0,0.0,1.0,0821.png,0
144.8717,42.823687827065996,138.0096,71.4549054148139,133.2097,81.6620739750712,45.0,1.0,0.0,0822.png,1
32.6656,58.95807473654479,79.9584,63.4389601856777,41.1404,69.12688975962972,17.0,0.0,1.0,0823.png,0
146.1546,41.63992193604594,137.1662,71.61375969434924,121.6845,84.23739644451268,43.0,1.0,0.0,0824.png,1
33.9709,63.00855539678719,79.8091,65.89373002941933,50.7776,77.84603611128829,20.0,0.0,1.0,0825.png,0
145.5491,43.243494183402895,136.6725,74.51862615313033,115.6421,83.31027792289497,45.0,1.0,0.0,0826.png,1
31.8162,57.00138785643731,81.0872,65.16810873548502,55.6483,79.36089469701056,24.0,0.0,1.0,0827.png,0
144.997,44.40539596715696,141.1375,74.04184083172163,109.9502,87.29156958126025,41.0,1.0,0.0,0828.png,1
32.4737,57.384408233508864,78.2543,67.86841114620262,74.4487,93.4364991227197,25.0,0.0,0.0,0829.png,0
152.5568,28.843199783657845,151.0948,69.27122066890405,104.3245,84.51726569021267,42.0,1.0,0.0,0830.png,1
30.4215,57.44081682697418,68.1447,71.97447020930407,97.625,105.957998164367,24.0,0.0,0.0,0831.png,0
153.423,25.773297635343447,156.5782,65.0732854922817,98.7061,81.3183984273547,36.0,1.0,0.0,0832.png,1
28.9038,53.60196400842044,64.8905,73.03316308191779,103.3853,106.38374050535165,26.0,0.0,0.0,0833.png,0
154.7337,23.881674654638438,168.0839,55.722252833046866,84.7551,79.97970820145571,31.0,0.0,0.0,0834.png,1
25.3299,49.804994388012936,61.5194,74.02595776915014,112.9035,109.52389961898727,29.0,0.0,1.0,0835.png,0
155.9799,20.94092872797193,176.2243,49.80240545907397,88.4529,83.21172742822974,34.0,0.0,0.0,0836.png,1
24.8265,48.34443295509836,60.4245,74.84844620798752,116.2476,110.07528920806885,23.0,0.0,0.0,0837.png,0
157.3837,19.428264830138588,182.2807,47.50213371533956,74.5636,80.15954812148082,34.0,0.0,0.0,0838.png,1
26.7075,50.41360276502761,52.1009,76.38017360015623,140.6442,112.62288580195413,23.0,0.0,0.0,0839.png,0
157.5649,18.076525882757448,181.4925,49.278721003593425,74.2722,84.3754449301454,31.0,0.0,0.0,0840.png,1
9.2248,24.469872597951955,86.262,70.1533887706075,10.9845,14.96485415064243,0.0,0.0,0.0,0841.png,0
132.7378,61.3325822965249,133.1188,93.70574628356576,158.136,73.78268702073679,39.0,1.0,0.0,0842.png,1
156.3623,54.364786753099665,207.466,80.96883378189412,1.8597,2.09117572432352,0.0,0.0,0.0,0843.png,0
130.9647,57.20970594147465,111.4935,74.81249867335004,64.1428,44.59787672255261,8.0,1.0,0.0,0844.png,1
52.0733,85.0134585057566,47.4872,61.72364244080221,8.7367,12.8675006551389,0.0,0.0,0.0,0845.png,0
137.9569,54.04711502374572,122.9263,82.38994154816473,199.3035,67.77049348905466,60.0,1.0,0.0,0846.png,1
156.8057,56.19560256381276,204.4152,82.16863762385256,1.968,2.373094182707463,0.0,0.0,0.0,0847.png,0
143.8404,37.87196757286318,103.931,73.46572969078848,47.3191,35.87469965295877,5.0,1.0,0.0,0848.png,1
70.9709,63.504110521996914,46.6387,45.553227792440794,24.4821,13.069754381395237,4.0,0.0,0.0,0849.png,0
122.0058,65.58964069393885,116.7509,91.8577413677802,213.2769,60.1863142781646,56.0,1.0,0.0,0850.png,1
49.164,56.381097045020326,56.4323,50.09301564799228,21.0518,16.516480156498236,4.0,0.0,1.0,0851.png,0
129.5261,56.14396600517281,117.1932,95.02303338538505,228.4565,45.41294867931392,52.0,1.0,0.0,0852.png,1
122.1119,78.84120482583964,94.48,94.56833931078624,12.0615,18.812913590138024,3.0,0.0,0.0,0853.png,0
155.3955,26.39186010401692,181.4006,57.89225785577896,221.4261,36.03823717650462,33.0,1.0,0.0,0854.png,1
45.5204,56.17468098565403,64.3316,54.46162907442267,19.763,17.977970714182398,4.0,0.0,1.0,0855.png,0
139.3506,48.89498010675534,102.3556,73.66670312047364,47.9972,39.15484889716726,8.0,1.0,0.0,0856.png,1
65.5371,88.59077617669912,56.8389,67.33949470251467,3.0939,3.697577962666913,0.0,0.0,0.0,0857.png,0
126.288,60.44202723271283,120.7098,87.64964451702015,207.5222,66.00387191036599,57.0,1.0,0.0,0858.png,1
43.4487,58.90623030130175,77.5386,58.01478527099795,20.3388,20.505667864275967,8.0,0.0,1.0,0859.png,0
142.8173,38.5087278510989,142.2543,90.10008341566616,140.0632,91.56760565702261,25.0,1.0,0.0,0860.png,1
68.7391,84.09041105375809,81.9187,98.41171520865795,5.3928,18.04435945551961,3.0,0.0,0.0,0861.png,0
133.9282,52.4189225829757,96.225,73.07655010329921,52.5362,40.76519458508692,12.0,1.0,0.0,0862.png,1
103.2915,92.78439700590827,64.5969,58.208616289944565,5.7305,7.212341488726113,0.0,0.0,0.0,0863.png,0
127.6263,65.59563741827652,131.5801,96.66110481465644,161.5339,76.07253019842314,43.0,1.0,0.0,0864.png,1
149.9009,62.432439317953936,197.335,87.38540252811106,2.0182,2.406048370253599,0.0,0.0,0.0,0865.png,0
125.8068,65.16310822666458,126.8725,96.30500632755287,186.559,64.81630905104053,45.0,1.0,0.0,0866.png,1
141.7723,71.32299245481782,182.3809,94.52711788259494,2.2393,2.8329552608539372,0.0,0.0,0.0,0867.png,0
124.9646,65.57369249051025,118.4935,99.18989040093754,206.0943,59.5866529309207,37.0,1.0,0.0,0868.png,1
154.3567,46.78896520665957,122.3084,41.79832878764413,2.396,1.1285317895389566,0.0,0.0,0.0,0869.png,0
137.5015,44.640589128617016,100.2894,75.13362527949785,38.0898,30.297325557877215,4.0,1.0,0.0,0870.png,1
62.2882,67.23431222790934,44.1512,40.5477488716698,22.3814,12.126414723239511,4.0,0.0,0.0,0871.png,0
126.6671,60.17501206971212,118.9447,91.13150082112112,216.123,58.952316926478815,55.0,1.0,0.0,0872.png,1
15.294,26.225833904758872,100.9251,69.38336609007955,33.6298,58.94178103824146,9.0,0.0,0.0,0873.png,0
134.3657,59.35403746595509,129.0164,80.58370636201838,191.9288,70.43303720953683,64.0,1.0,0.0,0874.png,1
109.7122,90.45733895688066,68.3131,56.379019753716896,5.6569,7.100097350741044,0.0,0.0,0.0,0875.png,0
133.4684,55.356640084456,126.6375,85.349013431615,204.3339,66.8615914467342,59.0,1.0,0.0,0876.png,1
113.1629,79.9912117897335,76.0706,79.83732846006309,17.255,25.722145614236773,6.0,0.0,0.0,0877.png,0
154.4215,26.764454744119114,181.2992,58.81150635173359,220.7858,36.53442100759227,31.0,1.0,0.0,0878.png,1
55.1627,86.66657272968628,47.0289,60.64907142562036,8.8063,12.921694173365967,0.0,0.0,0.0,0879.png,0
154.959,26.03308508417702,180.8027,60.367837237307086,221.1944,36.30341042712103,31.0,1.0,0.0,0880.png,1
111.0706,85.631725520627,81.7079,60.586199563844566,9.1205,10.58352397597322,0.0,0.0,0.0,0881.png,0
120.804,65.6013062674822,117.0997,91.6654174697852,212.837,60.763698299231265,53.0,1.0,0.0,0882.png,1
112.5378,84.18268094542962,84.1721,57.82885682416694,7.0338,12.30758536675655,0.0,0.0,0.0,0883.png,0
126.6297,60.204607613620404,110.5721,71.99242461252435,62.5265,41.73662777165879,12.0,1.0,0.0,0884.png,1
36.7028,55.099692124003745,83.899,60.3008159065862,17.9795,20.143080195193583,8.0,0.0,1.0,0885.png,0
136.1375,53.4268358949882,120.2738,82.95195014922795,201.7409,66.3793097824164,60.0,1.0,0.0,0886.png,1
147.1365,57.71215701869062,122.0984,57.45502517134597,2.3409,1.3480679471005905,0.0,0.0,0.0,0887.png,0
126.6622,60.57533401608282,107.883,74.55557464737295,61.7675,42.18863642913812,13.0,1.0,0.0,0888.png,1
117.3907,82.94983938206269,100.088,63.02663925674604,35.2023,66.85011873370158,7.0,0.0,0.0,0889.png,0
132.5533,60.16055151933033,104.7,74.28161953000217,54.2289,41.42094524259436,16.0,1.0,0.0,0890.png,1
126.8522,78.89830768248454,154.5159,98.21862016537393,3.2453,4.793654963595106,0.0,0.0,0.0,0891.png,0
154.2752,31.849063800369397,176.3781,58.79938214292732,216.3912,46.7545009871777,34.0,1.0,0.0,0892.png,1
22.0685,47.852872513047735,80.1712,73.39402489685384,13.1027,17.324045506462976,6.0,0.0,0.0,0893.png,0
126.3719,65.20280661436284,115.6143,92.42139977034539,217.3839,56.36763540179773,58.0,1.0,0.0,0894.png,1
112.1297,85.88582582655883,83.7696,59.00166197523592,7.5959,12.750560897074292,2.0,0.0,0.0,0895.png,0
153.7786,28.821227975920806,181.479,58.6233055959829,222.3466,35.332201579295905,32.0,1.0,0.0,0896.png,1
16.1765,41.828327097195746,77.6511,62.92398563973837,16.4439,24.393364933727366,1.0,0.0,0.0,0897.png,0
134.2274,53.15479930580117,116.6779,75.9656879886571,76.3779,56.381093387677396,17.0,1.0,0.0,0898.png,1
109.2479,90.62758214577944,69.9781,60.45067592996789,5.9048,7.581737067453606,0.0,0.0,0.0,0899.png,0
138.0499,47.6209597760272,137.3721,94.1777640507036,164.9069,78.75699862482064,41.0,1.0,0.0,0900.png,1
157.005,39.85549366147658,125.8966,38.925807742935795,2.427,1.0942901808935326,0.0,0.0,0.0,0901.png,0
123.8164,63.44670433552873,116.8454,90.80067014532437,212.2243,64.72694175928599,56.0,1.0,0.0,0902.png,1
28.771,56.005195821459274,82.3599,72.11241066550195,13.6286,17.512043342796982,7.0,0.0,0.0,0903.png,0
139.8319,54.34421443346108,111.2198,81.51287559619033,209.1057,60.94566865257941,67.0,1.0,0.0,0904.png,1
71.289,83.97802497677591,72.6476,88.24991566137612,5.8347,18.13280937720352,0.0,0.0,0.0,0905.png,0
134.5392,56.459660496322506,124.6186,73.77930288393893,66.6782,47.220491788629225,7.0,0.0,0.0,0906.png,1
18.8509,49.05020152038114,84.214,62.52589866607276,19.949,29.581926898023397,9.0,0.0,0.0,0907.png,0
154.0164,28.92555152525186,177.8586,60.771621716389966,219.7592,37.80037850815783,30.0,1.0,0.0,0908.png,1
127.1774,76.60107655405373,154.8939,99.34834695549796,3.4804,5.491686065317281,0.0,0.0,0.0,0909.png,0
125.4272,66.25572956477048,114.3621,90.70140673435004,212.778,59.9740136725899,55.0,1.0,0.0,0910.png,1
12.4901,16.742045932023963,101.287,66.54864109055872,40.3489,68.24995215229092,14.0,0.0,0.0,0911.png,0
129.8536,58.619085348033195,120.6208,90.88081759843493,217.0419,57.05767033791337,56.0,1.0,0.0,0912.png,1
107.5675,89.73947316398731,69.1132,59.488430688327966,5.9658,7.566044565028678,0.0,0.0,0.0,0913.png,0
123.3811,64.2282497254129,113.3821,95.56074873916592,222.0893,54.258419858211866,49.0,1.0,0.0,0914.png,1
115.8184,82.30275464065586,85.028,89.26853878046845,9.1046,14.744519620523418,1.0,0.0,0.0,0915.png,0
141.3363,39.60524715627968,99.9508,73.7936310216539,41.7025,32.37169741842401,5.0,1.0,0.0,0916.png,1
143.0914,64.2793485191006,123.8381,67.19270264240009,2.4121,1.6969601026541548,0.0,0.0,0.0,0917.png,0
142.1371,46.752340086780684,120.6318,77.2945899061506,195.9474,68.86208414824517,71.0,1.0,0.0,0918.png,1
33.5137,61.257035614776534,89.2062,74.60405137497561,14.2125,16.51531845742007,6.0,0.0,0.0,0919.png,0
132.7326,55.29369853102612,110.3108,76.55943836889087,65.8811,45.8922996023298,7.0,1.0,0.0,0920.png,1
152.2707,49.66484693935942,120.9302,44.38454154274887,2.4136,1.249053657774557,0.0,0.0,0.0,0921.png,0
154.67,26.80273680055826,181.1949,59.63770714900096,221.3359,36.25714096822859,31.0,1.0,0.0,0922.png,1
58.4854,61.776265562431014,51.5737,50.524755994561716,24.6286,15.514034357316604,6.0,0.0,1.0,0923.png,0
143.6195,39.2073579797211,147.4574,82.54681571835464,143.3342,85.59085062294919,30.0,1.0,0.0,0924.png,1
78.6919,86.97756017726641,109.3995,110.78050505278446,1.9869,5.780339816135379,0.0,0.0,0.0,0925.png,0
154.4173,27.094740462126595,178.8431,60.78491656973793,219.4938,38.16656339729843,34.0,1.0,0.0,0926.png,1
121.6734,79.03120859786975,93.4829,85.13330551311867,8.1502,14.329879272345599,1.0,0.0,0.0,0927.png,0
155.2488,26.602603229007496,182.0457,57.64577704836669,222.1197,35.46875204895148,29.0,1.0,0.0,0928.png,1
155.064,45.17822820784365,123.2818,40.77753534435351,2.3845,1.0709153794768287,0.0,0.0,0.0,0929.png,0
155.1917,26.621223696704853,181.5061,58.3173658766409,221.9778,35.45532551197351,30.0,1.0,0.0,0930.png,1
17.7223,45.48459060725951,77.9052,71.76495950643321,13.119,19.42640571490259,4.0,0.0,0.0,0931.png,0
154.6939,25.67257296785813,179.53,59.34185622307412,220.2471,37.60431147607944,33.0,1.0,0.0,0932.png,1
72.9468,90.85303830780785,70.4807,80.62574295787914,3.2575,3.9327590505903105,0.0,0.0,0.0,0933.png,0
142.9875,35.20086566762244,107.85,72.45297026347505,51.293,37.89854813841818,5.0,1.0,0.0,0934.png,1
123.8825,80.1903067318613,149.7442,108.90772133489894,1.7648,1.7667713377797365,0.0,0.0,0.0,0935.png,0
145.2201,50.673707738727785,133.5064,69.26114032442723,169.898,76.37012633222496,62.0,1.0,0.0,0936.png,1
113.7802,88.26692295509118,77.9607,56.50663992408325,7.6165,9.512288249942806,0.0,0.0,0.0,0937.png,0
141.6334,39.33210907693611,104.2192,72.79765210060006,45.0132,34.806037202761246,6.0,0.0,0.0,0938.png,1
145.6839,68.40845840091706,186.9895,91.54173687313344,2.3112,2.894849661035958,0.0,0.0,0.0,0939.png,0
140.8049,38.554815989575154,101.7258,71.38235086041928,44.6302,34.81280867669255,6.0,1.0,0.0,0940.png,1
79.5458,90.49187312880643,72.9823,69.58525552665593,4.1768,4.62836275155697,0.0,0.0,0.0,0941.png,0
150.4468,42.78135773628509,158.4128,71.14128756327088,177.9449,74.41780206368634,43.0,1.0,0.0,0942.png,1
91.8346,92.11630823496999,89.1515,87.53015450546171,3.8224,5.36817084675963,0.0,0.0,0.0,0943.png,0
130.8293,56.492261076274865,112.5428,75.42027425142393,62.2393,42.37352045216446,6.0,1.0,0.0,0944.png,1
137.5875,72.01186807568597,171.9376,97.21562789099292,2.5001,3.0213573092237866,0.0,0.0,0.0,0945.png,0
118.4722,65.90013829393685,113.5562,93.49040614715501,221.4503,55.35364603989515,49.0,1.0,0.0,0946.png,1
154.483,55.27921409535415,202.4055,83.56627710835274,1.9671,2.2522916307618783,0.0,0.0,0.0,0947.png,0
119.1575,66.60986784065857,111.9814,92.9136968053688,219.9213,56.71357603175803,51.0,1.0,0.0,0948.png,1
16.7331,47.386760433585245,63.331,71.32753352668239,13.5791,20.300018305164162,3.0,0.0,0.0,0949.png,0
143.3302,47.36512607351531,122.0555,72.05898986073841,185.0297,70.05269457993747,70.0,1.0,0.0,0950.png,1
121.7072,80.91937881719063,93.642,88.97818404530406,8.2083,14.351568245665698,1.0,0.0,0.0,0951.png,0
128.2179,60.605876114367,116.5997,91.80217241389227,219.0695,55.824740659943956,51.0,1.0,0.0,0952.png,1
13.1978,18.424143810771778,105.4436,63.00391590242625,34.624,56.904372626363255,5.0,0.0,0.0,0953.png,0
142.0745,38.46682141469451,101.089,74.05469653573634,41.6198,32.23096411775484,7.0,1.0,0.0,0954.png,1
118.5624,87.20892102439979,80.5211,56.44082879255052,7.7308,9.607139603440766,0.0,0.0,0.0,0955.png,0
123.3461,64.69618006335459,114.0639,92.22063661019698,218.6842,56.35023398673692,49.0,1.0,0.0,0956.png,1
107.1603,89.73690658759082,79.808,60.217415553974085,4.4801,4.4155185414626,0.0,0.0,0.0,0957.png,0
130.3847,58.471682940633755,128.6049,96.7448220629404,164.664,80.92134146194068,41.0,1.0,0.0,0958.png,1
122.63,75.38267241216644,82.8585,81.20760849667968,24.6423,32.49170895336224,3.0,0.0,0.0,0959.png,0
153.7067,28.331962076601755,178.8668,59.8901315557079,221.6033,35.860771451685196,33.0,1.0,0.0,0960.png,1
146.8751,54.98428593689292,120.5025,52.900313739617836,2.3792,1.3081312472378297,0.0,0.0,0.0,0961.png,0
154.412,28.00044385362489,180.5211,58.33102223337081,221.2868,36.72923557276955,34.0,1.0,0.0,0962.png,1
148.0013,57.39221809888515,133.2129,66.03447110100906,2.4099,1.5858379456930647,0.0,0.0,0.0,0963.png,0
127.6824,63.37410772736765,126.2582,95.88334856876871,184.6751,66.61207953509634,42.0,1.0,0.0,0964.png,1
19.5525,50.528885241513095,74.448,71.89655274072604,13.9404,20.55351181282654,4.0,0.0,0.0,0965.png,0
137.0288,55.67853419909687,125.3793,78.96841540457805,190.1056,75.1104017339809,63.0,1.0,0.0,0966.png,1
80.2952,92.6540299013486,74.9784,79.75279138337416,3.3116,3.8759908978221294,0.0,0.0,0.0,0967.png,0
127.9554,64.37556998458344,134.5947,98.93024225134597,163.7893,75.65872127858097,46.0,1.0,0.0,0968.png,1
145.7983,67.75503683941143,187.0018,90.98493389984958,2.3623,2.952056691528806,0.0,0.0,0.0,0969.png,0
155.0968,26.596173216461047,181.8049,57.69279882264337,222.0548,35.640561120161955,30.0,1.0,0.0,0970.png,1
101.6573,83.47262100060115,81.3523,86.64183391820605,22.8025,35.035920050000115,5.0,0.0,0.0,0971.png,0
128.8877,62.82426990192564,120.506,91.2372093172517,210.4422,62.81880338847597,54.0,1.0,0.0,0972.png,1
28.7193,57.364791532001576,85.4446,72.5070819357668,12.1472,16.08511523614301,5.0,0.0,0.0,0973.png,0
125.6848,63.939520243430046,112.3206,96.5749140079348,225.0771,51.150104160109,51.0,1.0,0.0,0974.png,1
116.0427,79.47904803600758,85.8239,89.67659387370821,14.2935,22.253848155993158,5.0,0.0,0.0,0975.png,0
144.4971,39.58232675816317,108.355,73.84147462639136,45.0055,35.545673010227276,6.0,1.0,0.0,0976.png,1
153.6755,58.25142058139012,201.7439,81.53619265571578,2.1753,2.5593299728639916,0.0,0.0,0.0,0977.png,0
132.2109,55.471733533305056,119.1164,95.43624809808902,220.3341,51.49038431775393,52.0,1.0,0.0,0978.png,1
11.8527,23.826984759091953,95.044,69.02022648470519,10.8152,14.620767728132474,0.0,0.0,0.0,0979.png,0
149.3989,42.71112476615431,172.6709,65.40274912562927,203.7512,65.99725068940373,34.0,1.0,0.0,0980.png,1
11.4167,21.976989355004932,93.225,67.16505173823661,9.3275,12.720772136548945,0.0,0.0,0.0,0981.png,0
133.154,53.79317320999013,134.4763,80.12829861110244,192.5293,73.27840433244981,58.0,1.0,0.0,0982.png,1
76.0186,88.93514521290219,59.1932,63.6640422354723,3.3773,4.06816232591572,0.0,0.0,0.0,0983.png,0
133.9748,57.915156608266194,121.3231,80.71244207921106,207.4765,60.21801929447697,66.0,1.0,0.0,0984.png,1
8.5029,18.689055395872742,86.0738,69.35421943587859,11.4029,16.383673934438512,0.0,0.0,0.0,0985.png,0
136.6623,55.51046981164904,115.1449,76.84800260247496,66.1202,43.382576594296474,9.0,1.0,0.0,0986.png,1
148.831,63.51123710808978,194.3378,91.9972558892927,1.7429,1.8358103360641589,0.0,0.0,0.0,0987.png,0
121.7525,64.19290493309988,109.6139,95.72566023167457,224.3722,52.53622813982747,48.0,1.0,0.0,0988.png,1
86.6377,90.13708470274597,79.4561,69.38267847806108,4.155,4.506104193202815,0.0,0.0,0.0,0989.png,0
121.2768,67.64438765899209,113.2733,93.6335025891374,223.4313,52.16520756510032,50.0,1.0,0.0,0990.png,1
29.5004,57.293170621287835,78.5075,74.40112730160746,8.6139,8.868225684430906,2.0,0.0,0.0,0991.png,0
142.3218,39.46514468185819,109.7174,73.12678672853062,47.7699,37.4498324961541,5.0,1.0,0.0,0992.png,1
37.6907,65.50817379159642,89.7163,73.7392433803738,15.0206,16.198005298184093,9.0,0.0,0.0,0993.png,0
121.0592,62.35557950464417,111.3533,92.63186643434321,219.5682,58.94824126943907,58.0,1.0,0.0,0994.png,1
57.4866,87.63076297990335,50.767,61.78729409029012,8.7231,12.759852130412797,0.0,0.0,0.0,0995.png,0
134.0622,52.25700844059101,118.5501,92.71411375831622,218.3,52.655770813843375,49.0,1.0,0.0,0996.png,1
68.9404,65.41341183457716,46.0306,43.32438416919507,22.4392,11.925992762030337,4.0,0.0,0.0,0997.png,0
155.5809,30.365995046927083,177.0483,59.10419415836747,214.9487,46.527852607980954,37.0,1.0,0.0,0998.png,1
75.638,90.99128725323102,70.6593,77.21849923114279,3.2547,3.841279462627003,0.0,0.0,0.0,0999.png,0
154.9275,28.318040958901097,182.0622,58.005135386101806,222.9685,33.89338737497331,28.0,1.0,0.0,1000.png,1
14.8924,42.92280305665043,82.7204,65.08309168931667,19.5128,29.602581579315004,5.0,0.0,0.0,1001.png,0
125.8926,64.28405918452879,109.5809,74.64605987719646,63.2281,45.125399393135574,13.0,1.0,0.0,1002.png,1
88.1927,90.44738894357316,82.1565,69.04237255301993,4.2302,4.617684263784175,0.0,0.0,0.0,1003.png,0
153.5218,28.36120809768159,180.6523,58.57416157923218,221.1329,36.86913665371078,29.0,1.0,0.0,1004.png,1
11.4382,30.263803144350515,108.8457,59.47772937419518,6.7508,7.713682606900546,0.0,0.0,0.0,1005.png,0
127.8481,61.50379684531679,107.6569,74.90150187005598,62.3984,43.93650279027679,12.0,1.0,0.0,1006.png,1
110.5953,87.31835727903955,76.9632,57.43416096505633,9.3366,10.611234633161214,0.0,0.0,0.0,1007.png,0
135.2112,52.078490709313,118.3709,77.83809435739033,81.8075,56.732361521004925,11.0,1.0,0.0,1008.png,1
137.5444,74.74335574912328,171.2418,103.42807323333446,1.7073,1.6499171827700927,0.0,0.0,0.0,1009.png,0
140.2614,49.65004400843971,125.4576,73.37630136658566,184.9068,72.84058287630599,67.0,1.0,0.0,1010.png,1
92.3402,90.73967855332086,86.2213,79.58280923861636,3.4974,3.6904462115034273,0.0,0.0,0.0,1011.png,0
144.5217,33.84120755986701,146.6181,84.99177991070665,140.9851,91.77611605417829,36.0,1.0,0.0,1012.png,1
141.581,62.35908305130857,124.7931,65.78834009450307,2.3481,1.492958937814433,0.0,0.0,0.0,1013.png,0
154.0194,28.173718669000728,181.0951,58.1113091918432,221.7044,36.32645896092819,29.0,1.0,0.0,1014.png,1
14.1646,44.958929111356724,70.5021,68.47462884594556,16.2333,25.87767901319591,3.0,0.0,0.0,1015.png,0
149.1302,33.1570512555022,146.4689,88.31735295393538,132.794,81.55902257874355,43.0,1.0,0.0,1016.png,1
64.763,88.8899636123224,50.6434,63.66431525148134,2.8301,3.374319781822701,0.0,0.0,0.0,1017.png,0
154.0044,28.97691116458067,180.1689,57.504232651084045,217.3507,39.374465196495045,34.0,1.0,0.0,1018.png,1
80.2679,92.21883500451521,73.8838,78.23690368080781,3.2072,3.784477263771048,0.0,0.0,0.0,1019.png,0
125.4762,63.14120709615869,116.9971,91.80547419184764,213.1973,62.2619335767048,56.0,1.0,0.0,1020.png,1
109.9385,83.36397973795397,80.3712,58.02363665403953,8.6728,10.21237191645506,0.0,0.0,0.0,1021.png,0
139.0832,46.58284102284874,104.0169,75.55506213610045,35.456,27.64137956036203,4.0,0.0,0.0,1022.png,1
41.9476,63.604593027862386,77.8277,61.8207538995603,19.7251,21.587869973436472,9.0,0.0,1.0,1023.png,0
137.0541,48.72784597322151,101.5713,72.75447282683038,47.5141,39.0773156855739,6.0,1.0,0.0,1024.png,1
76.6967,87.32367210046769,108.1066,112.21163057562259,2.7388,12.894199260132442,0.0,0.0,0.0,1025.png,0
122.9451,65.65509185120374,114.7314,90.54382946418822,215.0332,60.71798990216985,50.0,1.0,0.0,1026.png,1
89.9214,89.78528399487301,84.6595,68.54313648900231,4.3668,4.5546962313638435,0.0,0.0,0.0,1027.png,0
129.252,61.791076184186984,100.1099,74.19970230391763,57.0723,41.06983653132795,12.0,1.0,0.0,1028.png,1
141.4902,64.099652916065,126.9443,68.85965435224026,2.4165,1.7148258657951252,0.0,0.0,0.0,1029.png,0
150.0809,41.7922571200695,167.4912,69.2987945245803,186.3055,76.89854855424775,35.0,1.0,0.0,1030.png,1
57.6751,87.92156811607718,48.3148,59.71027299351427,8.7746,12.463209652412978,0.0,0.0,0.0,1031.png,0
150.7531,42.5688165255977,172.1605,66.68554070973707,199.7988,71.19712577457042,34.0,1.0,0.0,1032.png,1
91.0106,89.69991687643864,74.5586,62.02450133648799,8.8149,11.404492009291777,0.0,0.0,0.0,1033.png,0
142.0397,40.795234083284775,102.6457,73.6657571162477,46.4295,35.275133305913954,5.0,1.0,0.0,1034.png,1
104.2113,85.74607310139632,92.2495,65.41234325224866,17.0314,37.87898380421524,2.0,0.0,0.0,1035.png,0
134.6618,55.63312700864477,119.3915,94.69997269138993,209.2353,55.77230974157337,50.0,1.0,0.0,1036.png,1
90.5082,90.71152260192748,74.8987,63.767093695024236,4.2142,4.565557836672316,0.0,0.0,0.0,1037.png,0
152.6698,30.478756010703584,176.2153,62.921042155307624,215.648,40.47985296415984,34.0,1.0,0.0,1038.png,1
115.4786,84.79211721640166,79.1309,57.402639008934074,9.1436,10.376347095196845,0.0,0.0,0.0,1039.png,0
132.3397,58.01676743761238,117.4915,83.78123374449675,197.0219,68.40485085423401,61.0,1.0,0.0,1040.png,1
79.3839,87.70963185870751,103.9568,109.55050950935829,4.3985,20.48601712754336,0.0,0.0,0.0,1041.png,0
149.8837,29.49373449243076,159.6022,77.74640413009466,129.591,84.02000546893579,36.0,1.0,0.0,1042.png,1
159.0527,52.12251838418784,207.3449,78.5836684304697,1.9803,2.2681516505736563,0.0,0.0,0.0,1043.png,0
146.5502,39.46408088325382,147.4895,88.3854110685129,139.9626,77.58035834694243,41.0,1.0,0.0,1044.png,1
41.5372,56.49224562858163,73.598,57.01012011915077,19.044,19.379016074094167,6.0,0.0,1.0,1045.png,0
135.3832,56.86489389561894,134.1261,91.22044835885208,176.2369,67.35510655020894,48.0,1.0,0.0,1046.png,1
92.8938,90.77130891179218,86.1368,69.23604470043043,4.2996,4.453834285197418,0.0,0.0,0.0,1047.png,0
153.1086,27.989980458013896,177.3179,60.89234138699218,216.5479,40.98439587928557,34.0,1.0,0.0,1048.png,1
147.387,54.10140137741351,121.5431,50.74043301342628,2.3848,1.2124062685420263,0.0,0.0,0.0,1049.png,0
155.114,33.01120421917383,174.3724,62.82733098134919,208.5508,58.17906684848082,32.0,1.0,0.0,1050.png,1
111.0445,85.73525015855498,78.121,57.54222414019117,7.4067,13.60947078728633,0.0,0.0,0.0,1051.png,0
115.9712,69.62255073293423,108.8033,97.107986330219,225.3967,52.73572535871674,52.0,1.0,0.0,1052.png,1
39.313,57.803361762098234,78.909,60.57152069248386,20.4683,21.03106737923684,10.0,0.0,1.0,1053.png,0
154.7061,27.644864311296594,181.1474,56.350468261053514,218.5316,39.724126188501614,34.0,1.0,0.0,1054.png,1
66.0585,64.27543136961431,48.7161,48.99849080114611,25.4205,14.413711518897554,5.0,0.0,0.0,1055.png,0
147.443,34.43431647354134,147.6061,84.6811687613604,135.1743,83.45701480109386,36.0,1.0,0.0,1056.png,1
99.7411,88.62156436663709,68.4176,56.567996342808534,5.7767,7.407215206135165,0.0,0.0,0.0,1057.png,0
142.3535,38.66340049387793,106.4891,74.16264208609346,46.6302,35.003811906133876,4.0,1.0,0.0,1058.png,1
13.6642,41.41530681233691,78.4991,70.54006095255376,19.1815,31.68397320018435,5.0,0.0,0.0,1059.png,0
139.3087,53.32421967839755,131.8213,82.45545201082825,198.8449,68.68259636902205,62.0,1.0,0.0,1060.png,1
12.8888,21.714125231286662,98.9154,60.31382629911653,21.7007,37.95974077242889,0.0,0.0,0.0,1061.png,0
121.2139,67.6025616880751,111.9577,94.05354916594058,222.5477,53.541162900239655,50.0,1.0,0.0,1062.png,1
155.3067,43.60592889860277,123.5529,39.716948543285646,2.4187,1.1037165895283083,0.0,0.0,0.0,1063.png,0
140.6426,51.030424897701955,130.5814,82.72381261789135,196.8294,69.50519042229868,63.0,1.0,0.0,1064.png,1
101.6331,84.30839865867456,85.2527,89.01530903563723,21.4483,35.16743276257168,5.0,0.0,0.0,1065.png,0
134.1343,55.47491021633113,116.3721,82.3024983921509,204.4982,64.48993562378551,65.0,1.0,0.0,1066.png,1
11.9776,23.0924251268679,99.2363,59.70079281140244,28.2668,47.601808975710156,6.0,0.0,0.0,1067.png,0
149.1,45.636049346980066,161.6612,69.59713079258368,173.931,74.60323477571197,49.0,1.0,0.0,1068.png,1
105.2117,90.0617170784013,94.2777,78.99242104600923,3.6439,3.522086425685775,0.0,0.0,0.0,1069.png,0
126.1971,61.895140775266036,138.5251,77.06775181611307,82.2006,63.33985127579635,11.0,1.0,0.0,1070.png,1
118.7988,78.23189067483924,80.1616,80.29821969035179,18.7645,27.11674095001094,4.0,0.0,0.0,1071.png,0
149.5971,41.85079415722001,167.6016,68.01998145721593,179.2986,75.66783621883211,44.0,1.0,0.0,1072.png,1
147.1263,66.5730977821372,188.0151,90.14291248894723,2.241,2.75142126908985,0.0,0.0,0.0,1073.png,0
126.669,64.81964547110698,127.5565,96.86972905789507,195.9512,62.651795014668174,43.0,1.0,0.0,1074.png,1
60.8401,86.90064402517393,49.2604,62.97493304355313,2.8398,3.3421753335215674,0.0,0.0,0.0,1075.png,0
143.5507,37.29325715876799,110.8063,72.1038777064729,46.5884,36.50966975254638,5.0,1.0,0.0,1076.png,1
87.2771,90.03677312959411,83.4642,70.52359547243745,4.2199,4.600711248274554,0.0,0.0,0.0,1077.png,0
151.2441,44.33806846480798,155.8215,73.51544081177776,174.3516,72.21503152003743,39.0,1.0,0.0,1078.png,1
40.2743,59.6189354107401,81.6001,61.5046793340962,19.6236,21.518934059102467,8.0,0.0,1.0,1079.png,0
135.0982,56.1325071305389,115.1144,76.21415690434422,181.4278,75.66200491105162,74.0,1.0,0.0,1080.png,1
